the first song,the second song,word1,word2,result
1,2,permanently,somebody,0
1,2,permanently,love,0
1,2,permanently,worlds,0
1,2,lonely,somebody,0
1,2,lonely,love,0
1,2,lonely,worlds,0
1,3,permanently,somebody,0
1,3,permanently,love,0
1,3,lonely,somebody,0
1,3,lonely,love,0
1,5,permanently,original,0
1,5,permanently,instrumental,0
1,5,permanently,mix,0
1,5,permanently,stuff,0
1,5,permanently,n,0
1,5,permanently,ghosts,0
1,5,permanently,stuff,0
1,5,permanently,n,0
1,5,permanently,ghosts,0
1,5,lonely,original,0
1,5,lonely,instrumental,0
1,5,lonely,mix,0
1,5,lonely,stuff,0
1,5,lonely,n,0
1,5,lonely,ghosts,0
1,5,lonely,stuff,0
1,5,lonely,n,0
1,5,lonely,ghosts,0
1,6,permanently,gone,0
1,6,permanently,crazy,0
1,6,permanently,dad,0
1,6,permanently,show,0
1,6,lonely,gone,0
1,6,lonely,crazy,0
1,6,lonely,dad,0
1,6,lonely,show,0
1,7,permanently,missing,0
1,7,permanently,love,0
1,7,lonely,missing,0
1,7,lonely,love,0
1,8,permanently,nada,0
1,8,permanently,ultimate,0
1,8,permanently,hits,0
1,8,permanently,latino,0
1,8,lonely,nada,0
1,8,lonely,ultimate,0
1,8,lonely,hits,0
1,8,lonely,latino,0
1,9,permanently,real,0
1,9,permanently,slim,0
1,9,permanently,shady,0
1,9,permanently,curtain,0
1,9,permanently,call,0
1,9,lonely,real,0
1,9,lonely,slim,0
1,9,lonely,shady,0
1,9,lonely,curtain,0
1,9,lonely,call,0
1,10,permanently,real,0
1,10,permanently,slim,0
1,10,permanently,shady,0
1,10,permanently,marshall,0
1,10,permanently,lp,0
1,10,lonely,real,0
1,10,lonely,slim,0
1,10,lonely,shady,0
1,10,lonely,marshall,0
1,10,lonely,lp,0
1,11,permanently,forgive,0
1,11,permanently,b,0
1,11,permanently,love,0
1,11,permanently,r,0
1,11,lonely,forgive,0
1,11,lonely,b,0
1,11,lonely,love,0
1,11,lonely,r,0
1,12,permanently,sex,0
1,12,lonely,sex,0
1,13,permanently,say,0
1,13,permanently,name,0
1,13,permanently,writing,0
1,13,permanently,wall,0
1,13,lonely,say,0
1,13,lonely,name,0
1,13,lonely,writing,0
1,13,lonely,wall,0
1,14,permanently,lose,0
1,14,permanently,curtain,0
1,14,permanently,call,0
1,14,lonely,lose,0
1,14,lonely,curtain,0
1,14,lonely,call,0
1,15,permanently,lose,0
1,15,permanently,curtain,0
1,15,permanently,call,0
1,15,lonely,lose,0
1,15,lonely,curtain,0
1,15,lonely,call,0
1,16,permanently,ho,0
1,16,permanently,fo,0
1,16,lonely,ho,0
1,16,lonely,fo,0
1,17,permanently,16,0
1,17,permanently,candles,0
1,17,lonely,16,0
1,17,lonely,candles,0
2,2,danger,somebody,0.2
2,2,danger,love,0.6153846153846154
2,2,danger,worlds,0.16666666666666666
2,2,bird,somebody,0.7058823529411765
2,2,bird,love,0.11764705882352941
2,2,bird,worlds,0.5
2,2,album,somebody,0.5333333333333333
2,2,album,love,0.13333333333333333
2,2,album,worlds,0.5714285714285714
2,2,version,somebody,0.16666666666666666
2,2,version,love,0.26666666666666666
2,2,version,worlds,0.14285714285714285
2,3,danger,somebody,0.2
2,3,danger,love,0.6153846153846154
2,3,bird,somebody,0.7058823529411765
2,3,bird,love,0.11764705882352941
2,3,album,somebody,0.5333333333333333
2,3,album,love,0.13333333333333333
2,3,version,somebody,0.16666666666666666
2,3,version,love,0.26666666666666666
2,5,danger,original,0.15384615384615385
2,5,danger,instrumental,0
2,5,danger,mix,0.14285714285714285
2,5,danger,stuff,0.3333333333333333
2,5,danger,n,0.3076923076923077
2,5,danger,ghosts,0.25
2,5,danger,stuff,0.3333333333333333
2,5,danger,n,0.3076923076923077
2,5,danger,ghosts,0.25
2,5,bird,original,0.47058823529411764
2,5,bird,instrumental,0
2,5,bird,mix,0.2222222222222222
2,5,bird,stuff,0.26666666666666666
2,5,bird,n,0.25
2,5,bird,ghosts,0.1
2,5,bird,stuff,0.26666666666666666
2,5,bird,n,0.25
2,5,bird,ghosts,0.1
2,5,album,original,0.6666666666666666
2,5,album,instrumental,0
2,5,album,mix,0.25
2,5,album,stuff,0.3076923076923077
2,5,album,n,0.2857142857142857
2,5,album,ghosts,0.1111111111111111
2,5,album,stuff,0.3076923076923077
2,5,album,n,0.2857142857142857
2,5,album,ghosts,0.1111111111111111
2,5,version,original,0.13333333333333333
2,5,version,instrumental,0
2,5,version,mix,0.125
2,5,version,stuff,0.2857142857142857
2,5,version,n,0.26666666666666666
2,5,version,ghosts,0.2222222222222222
2,5,version,stuff,0.2857142857142857
2,5,version,n,0.26666666666666666
2,5,version,ghosts,0.2222222222222222
2,6,danger,gone,0
2,6,danger,crazy,0.14285714285714285
2,6,danger,dad,0.11764705882352941
2,6,danger,show,0.26666666666666666
2,6,bird,gone,0
2,6,bird,crazy,0.5714285714285714
2,6,bird,dad,0.5
2,6,bird,show,0.10526315789473684
2,6,album,gone,0
2,6,album,crazy,0.42105263157894735
2,6,album,dad,0.36363636363636365
2,6,album,show,0.11764705882352941
2,6,version,gone,0
2,6,version,crazy,0.125
2,6,version,dad,0.10526315789473684
2,6,version,show,0.23529411764705882
2,7,danger,missing,0
2,7,danger,love,0.6153846153846154
2,7,bird,missing,0
2,7,bird,love,0.11764705882352941
2,7,album,missing,0
2,7,album,love,0.13333333333333333
2,7,version,missing,0
2,7,version,love,0.26666666666666666
2,8,danger,nada,0.36363636363636365
2,8,danger,ultimate,0.5454545454545454
2,8,danger,hits,0.26666666666666666
2,8,danger,latino,0.15384615384615385
2,8,bird,nada,0.13333333333333333
2,8,bird,ultimate,0.13333333333333333
2,8,bird,hits,0.10526315789473684
2,8,bird,latino,0.6
2,8,album,nada,0.15384615384615385
2,8,album,ultimate,0.15384615384615385
2,8,album,hits,0.11764705882352941
2,8,album,latino,0.4444444444444444
2,8,version,nada,0.3076923076923077
2,8,version,ultimate,0.3076923076923077
2,8,version,hits,0.23529411764705882
2,8,version,latino,0.13333333333333333
2,9,danger,real,0.3076923076923077
2,9,danger,slim,0
2,9,danger,shady,0
2,9,danger,curtain,0.14285714285714285
2,9,danger,call,0.125
2,9,bird,real,0.11764705882352941
2,9,bird,slim,0
2,9,bird,shady,0
2,9,bird,curtain,0.4444444444444444
2,9,bird,call,0.4
2,9,album,real,0.13333333333333333
2,9,album,slim,0
2,9,album,shady,0
2,9,album,curtain,0.75
2,9,album,call,0.7777777777777778
2,9,version,real,0.26666666666666666
2,9,version,slim,0
2,9,version,shady,0
2,9,version,curtain,0.125
2,9,version,call,0.1111111111111111
2,10,danger,real,0.3076923076923077
2,10,danger,slim,0
2,10,danger,shady,0
2,10,danger,marshall,0.14285714285714285
2,10,danger,lp,0.1111111111111111
2,10,bird,real,0.11764705882352941
2,10,bird,slim,0
2,10,bird,shady,0
2,10,bird,marshall,0.5714285714285714
2,10,bird,lp,0.36363636363636365
2,10,album,real,0.13333333333333333
2,10,album,slim,0
2,10,album,shady,0
2,10,album,marshall,0.42105263157894735
2,10,album,lp,0.6
2,10,version,real,0.26666666666666666
2,10,version,slim,0
2,10,version,shady,0
2,10,version,marshall,0.125
2,10,version,lp,0.1
2,11,danger,forgive,0
2,11,danger,b,0.125
2,11,danger,love,0.6153846153846154
2,11,danger,r,0.2857142857142857
2,11,bird,forgive,0
2,11,bird,b,0.6
2,11,bird,love,0.11764705882352941
2,11,bird,r,0.1111111111111111
2,11,album,forgive,0
2,11,album,b,0.4444444444444444
2,11,album,love,0.13333333333333333
2,11,album,r,0.125
2,11,version,forgive,0
2,11,version,b,0.1111111111111111
2,11,version,love,0.26666666666666666
2,11,version,r,0.25
2,12,danger,sex,0.16666666666666666
2,12,bird,sex,0.25
2,12,album,sex,0.2857142857142857
2,12,version,sex,0.14285714285714285
2,13,danger,say,0.5714285714285714
2,13,danger,name,0.3333333333333333
2,13,danger,writing,0.25
2,13,danger,wall,0.14285714285714285
2,13,bird,say,0.1111111111111111
2,13,bird,name,0.125
2,13,bird,writing,0.1
2,13,bird,wall,0.4444444444444444
2,13,album,say,0.125
2,13,album,name,0.14285714285714285
2,13,album,writing,0.1111111111111111
2,13,album,wall,0.625
2,13,version,say,0.25
2,13,version,name,0.2857142857142857
2,13,version,writing,0.2222222222222222
2,13,version,wall,0.125
2,14,danger,lose,0
2,14,danger,curtain,0.14285714285714285
2,14,danger,call,0.125
2,14,bird,lose,0
2,14,bird,curtain,0.4444444444444444
2,14,bird,call,0.4
2,14,album,lose,0
2,14,album,curtain,0.75
2,14,album,call,0.7777777777777778
2,14,version,lose,0
2,14,version,curtain,0.125
2,14,version,call,0.1111111111111111
2,15,danger,lose,0
2,15,danger,curtain,0.14285714285714285
2,15,danger,call,0.125
2,15,bird,lose,0
2,15,bird,curtain,0.4444444444444444
2,15,bird,call,0.4
2,15,album,lose,0
2,15,album,curtain,0.75
2,15,album,call,0.7777777777777778
2,15,version,lose,0
2,15,version,curtain,0.125
2,15,version,call,0.1111111111111111
2,16,danger,ho,0.2857142857142857
2,16,danger,fo,0.11764705882352941
2,16,bird,ho,0.23529411764705882
2,16,bird,fo,0.5
2,16,album,ho,0.26666666666666666
2,16,album,fo,0.36363636363636365
2,16,version,ho,0.25
2,16,version,fo,0.10526315789473684
2,17,danger,16,0.2857142857142857
2,17,danger,candles,0.125
2,17,bird,16,0.1111111111111111
2,17,bird,candles,0.4
2,17,album,16,0.125
2,17,album,candles,0.6666666666666666
2,17,version,16,0.25
2,17,version,candles,0.1111111111111111
3,2,name,somebody,0.2
3,2,name,love,0.3076923076923077
3,2,name,worlds,0.16666666666666666
3,2,holy,somebody,0.46153846153846156
3,2,holy,love,0.14285714285714285
3,2,holy,worlds,0.46153846153846156
3,2,hallelujah,somebody,0.15384615384615385
3,2,hallelujah,love,0.25
3,2,hallelujah,worlds,0.13333333333333333
3,2,live,somebody,0.2222222222222222
3,2,live,love,0.18181818181818182
3,2,live,worlds,0.2
3,3,name,somebody,0.2
3,3,name,love,0.3076923076923077
3,3,holy,somebody,0.46153846153846156
3,3,holy,love,0.14285714285714285
3,3,hallelujah,somebody,0.15384615384615385
3,3,hallelujah,love,0.25
3,3,live,somebody,0.2222222222222222
3,3,live,love,0.18181818181818182
3,5,name,original,0.15384615384615385
3,5,name,instrumental,0
3,5,name,mix,0.14285714285714285
3,5,name,stuff,0.6666666666666666
3,5,name,n,0.6153846153846154
3,5,name,ghosts,0.25
3,5,name,stuff,0.6666666666666666
3,5,name,n,0.6153846153846154
3,5,name,ghosts,0.25
3,5,holy,original,0.42857142857142855
3,5,holy,instrumental,0
3,5,holy,mix,0.26666666666666666
3,5,holy,stuff,0.3333333333333333
3,5,holy,n,0.3076923076923077
3,5,holy,ghosts,0.11764705882352941
3,5,holy,stuff,0.3333333333333333
3,5,holy,n,0.3076923076923077
3,5,holy,ghosts,0.11764705882352941
3,5,hallelujah,original,0.125
3,5,hallelujah,instrumental,0
3,5,hallelujah,mix,0.11764705882352941
3,5,hallelujah,stuff,0.26666666666666666
3,5,hallelujah,n,0.25
3,5,hallelujah,ghosts,0.3157894736842105
3,5,hallelujah,stuff,0.26666666666666666
3,5,hallelujah,n,0.25
3,5,hallelujah,ghosts,0.3157894736842105
3,5,live,original,0.18181818181818182
3,5,live,instrumental,0.4
3,5,live,mix,0.16666666666666666
3,5,live,stuff,0.2222222222222222
3,5,live,n,0.2
3,5,live,ghosts,0.14285714285714285
3,5,live,stuff,0.2222222222222222
3,5,live,n,0.2
3,5,live,ghosts,0.14285714285714285
3,6,name,gone,0
3,6,name,crazy,0.14285714285714285
3,6,name,dad,0.11764705882352941
3,6,name,show,0.26666666666666666
3,6,holy,gone,0
3,6,holy,crazy,0.35294117647058826
3,6,holy,dad,0.3
3,6,holy,show,0.125
3,6,hallelujah,gone,0
3,6,hallelujah,crazy,0.11764705882352941
3,6,hallelujah,dad,0.1
3,6,hallelujah,show,0.6666666666666666
3,6,live,gone,0.4
3,6,live,crazy,0.15384615384615385
3,6,live,dad,0.125
3,6,live,show,0.15384615384615385
3,7,name,missing,0
3,7,name,love,0.3076923076923077
3,7,holy,missing,0
3,7,holy,love,0.14285714285714285
3,7,hallelujah,missing,0
3,7,hallelujah,love,0.25
3,7,live,missing,0.4
3,7,live,love,0.18181818181818182
3,8,name,nada,0.36363636363636365
3,8,name,ultimate,0.36363636363636365
3,8,name,hits,0.26666666666666666
3,8,name,latino,0.15384615384615385
3,8,holy,nada,0.16666666666666666
3,8,holy,ultimate,0.16666666666666666
3,8,holy,hits,0.125
3,8,holy,latino,0.375
3,8,hallelujah,nada,0.2857142857142857
3,8,hallelujah,ultimate,0.2857142857142857
3,8,hallelujah,hits,0.5555555555555556
3,8,hallelujah,latino,0.125
3,8,live,nada,0.2222222222222222
3,8,live,ultimate,0.2222222222222222
3,8,live,hits,0.15384615384615385
3,8,live,latino,0.16666666666666666
3,9,name,real,0.3076923076923077
3,9,name,slim,0
3,9,name,shady,0
3,9,name,curtain,0.14285714285714285
3,9,name,call,0.125
3,9,holy,real,0.14285714285714285
3,9,holy,slim,0
3,9,holy,shady,0
3,9,holy,curtain,0.4
3,9,holy,call,0.35294117647058826
3,9,hallelujah,real,0.25
3,9,hallelujah,slim,0
3,9,hallelujah,shady,0
3,9,hallelujah,curtain,0.11764705882352941
3,9,hallelujah,call,0.10526315789473684
3,9,live,real,0.18181818181818182
3,9,live,slim,0.2857142857142857
3,9,live,shady,0.4
3,9,live,curtain,0.16666666666666666
3,9,live,call,0.14285714285714285
3,10,name,real,0.3076923076923077
3,10,name,slim,0
3,10,name,shady,0
3,10,name,marshall,0.14285714285714285
3,10,name,lp,0.1111111111111111
3,10,holy,real,0.14285714285714285
3,10,holy,slim,0
3,10,holy,shady,0
3,10,holy,marshall,0.35294117647058826
3,10,holy,lp,0.3157894736842105
3,10,hallelujah,real,0.25
3,10,hallelujah,slim,0
3,10,hallelujah,shady,0
3,10,hallelujah,marshall,0.11764705882352941
3,10,hallelujah,lp,0.09523809523809523
3,10,live,real,0.18181818181818182
3,10,live,slim,0.2857142857142857
3,10,live,shady,0.4
3,10,live,marshall,0.15384615384615385
3,10,live,lp,0.125
3,11,name,forgive,0
3,11,name,b,0.125
3,11,name,love,0.3076923076923077
3,11,name,r,0.2857142857142857
3,11,holy,forgive,0
3,11,holy,b,0.35294117647058826
3,11,holy,love,0.14285714285714285
3,11,holy,r,0.13333333333333333
3,11,hallelujah,forgive,0
3,11,hallelujah,b,0.10526315789473684
3,11,hallelujah,love,0.25
3,11,hallelujah,r,0.23529411764705882
3,11,live,forgive,0.2857142857142857
3,11,live,b,0.14285714285714285
3,11,live,love,0.18181818181818182
3,11,live,r,0.16666666666666666
3,12,name,sex,0.16666666666666666
3,12,holy,sex,0.3076923076923077
3,12,hallelujah,sex,0.13333333333333333
3,12,live,sex,0.2
3,13,name,say,0.2857142857142857
3,13,name,name,1.0
3,13,name,writing,0.25
3,13,name,wall,0.14285714285714285
3,13,holy,say,0.13333333333333333
3,13,holy,name,0.15384615384615385
3,13,holy,writing,0.11764705882352941
3,13,holy,wall,0.4
3,13,hallelujah,say,0.23529411764705882
3,13,hallelujah,name,0.26666666666666666
3,13,hallelujah,writing,0.631578947368421
3,13,hallelujah,wall,0.11764705882352941
3,13,live,say,0.16666666666666666
3,13,live,name,0.2
3,13,live,writing,0.14285714285714285
3,13,live,wall,0.16666666666666666
3,14,name,lose,0
3,14,name,curtain,0.14285714285714285
3,14,name,call,0.125
3,14,holy,lose,0
3,14,holy,curtain,0.4
3,14,holy,call,0.35294117647058826
3,14,hallelujah,lose,0
3,14,hallelujah,curtain,0.11764705882352941
3,14,hallelujah,call,0.10526315789473684
3,14,live,lose,0.4
3,14,live,curtain,0.16666666666666666
3,14,live,call,0.14285714285714285
3,15,name,lose,0
3,15,name,curtain,0.14285714285714285
3,15,name,call,0.125
3,15,holy,lose,0
3,15,holy,curtain,0.4
3,15,holy,call,0.35294117647058826
3,15,hallelujah,lose,0
3,15,hallelujah,curtain,0.11764705882352941
3,15,hallelujah,call,0.10526315789473684
3,15,live,lose,0.4
3,15,live,curtain,0.16666666666666666
3,15,live,call,0.14285714285714285
3,16,name,ho,0.5714285714285714
3,16,name,fo,0.11764705882352941
3,16,holy,ho,0.2857142857142857
3,16,holy,fo,0.3
3,16,hallelujah,ho,0.23529411764705882
3,16,hallelujah,fo,0.1
3,16,live,ho,0.18181818181818182
3,16,live,fo,0.125
3,17,name,16,0.2857142857142857
3,17,name,candles,0.125
3,17,holy,16,0.13333333333333333
3,17,holy,candles,0.35294117647058826
3,17,hallelujah,16,0.23529411764705882
3,17,hallelujah,candles,0.10526315789473684
3,17,live,16,0.16666666666666666
3,17,live,candles,0.14285714285714285
4,2,love,somebody,0.18181818181818182
4,2,love,love,1.0
4,2,love,worlds,0.15384615384615385
4,2,jump,somebody,0.16666666666666666
4,2,jump,love,0.26666666666666666
4,2,jump,worlds,0.14285714285714285
4,2,party,somebody,0.2
4,2,party,love,0.3076923076923077
4,2,party,worlds,0.16666666666666666
4,2,started,somebody,0.25
4,2,started,love,0.2
4,2,started,worlds,0.2222222222222222
4,2,essential,somebody,0.5
4,2,essential,love,0.18181818181818182
4,2,essential,worlds,0.4
4,2,pop,somebody,0.5714285714285714
4,2,pop,love,0.1111111111111111
4,2,pop,worlds,0.4
4,2,dance,somebody,0.5333333333333333
4,2,dance,love,0.13333333333333333
4,2,dance,worlds,0.5714285714285714
4,2,anthems,somebody,0.16666666666666666
4,2,anthems,love,0.26666666666666666
4,2,anthems,worlds,0.14285714285714285
4,2,get,somebody,0.11764705882352941
4,2,get,love,0.2
4,2,get,worlds,0.10526315789473684
4,3,love,somebody,0.18181818181818182
4,3,love,love,1.0
4,3,jump,somebody,0.16666666666666666
4,3,jump,love,0.26666666666666666
4,3,party,somebody,0.2
4,3,party,love,0.3076923076923077
4,3,started,somebody,0.25
4,3,started,love,0.2
4,3,essential,somebody,0.5
4,3,essential,love,0.18181818181818182
4,3,pop,somebody,0.5714285714285714
4,3,pop,love,0.1111111111111111
4,3,dance,somebody,0.5333333333333333
4,3,dance,love,0.13333333333333333
4,3,anthems,somebody,0.16666666666666666
4,3,anthems,love,0.26666666666666666
4,3,get,somebody,0.11764705882352941
4,3,get,love,0.2
4,5,love,original,0.14285714285714285
4,5,love,instrumental,0
4,5,love,mix,0.13333333333333333
4,5,love,stuff,0.3076923076923077
4,5,love,n,0.2857142857142857
4,5,love,ghosts,0.23529411764705882
4,5,love,stuff,0.3076923076923077
4,5,love,n,0.2857142857142857
4,5,love,ghosts,0.23529411764705882
4,5,jump,original,0.13333333333333333
4,5,jump,instrumental,0
4,5,jump,mix,0.125
4,5,jump,stuff,0.2857142857142857
4,5,jump,n,0.26666666666666666
4,5,jump,ghosts,0.3333333333333333
4,5,jump,stuff,0.2857142857142857
4,5,jump,n,0.26666666666666666
4,5,jump,ghosts,0.3333333333333333
4,5,party,original,0.15384615384615385
4,5,party,instrumental,0
4,5,party,mix,0.14285714285714285
4,5,party,stuff,0.3333333333333333
4,5,party,n,0.3076923076923077
4,5,party,ghosts,0.25
4,5,party,stuff,0.3333333333333333
4,5,party,n,0.3076923076923077
4,5,party,ghosts,0.25
4,5,started,original,0.2
4,5,started,instrumental,0.5
4,5,started,mix,0.18181818181818182
4,5,started,stuff,0.25
4,5,started,n,0.2222222222222222
4,5,started,ghosts,0.15384615384615385
4,5,started,stuff,0.25
4,5,started,n,0.2222222222222222
4,5,started,ghosts,0.15384615384615385
4,5,essential,original,0.36363636363636365
4,5,essential,instrumental,0
4,5,essential,mix,0.3333333333333333
4,5,essential,stuff,0.4444444444444444
4,5,essential,n,0.4
4,5,essential,ghosts,0.14285714285714285
4,5,essential,stuff,0.4444444444444444
4,5,essential,n,0.4
4,5,essential,ghosts,0.14285714285714285
4,5,pop,original,0.38095238095238093
4,5,pop,instrumental,0
4,5,pop,mix,0.21052631578947367
4,5,pop,stuff,0.25
4,5,pop,n,0.23529411764705882
4,5,pop,ghosts,0.09523809523809523
4,5,pop,stuff,0.25
4,5,pop,n,0.23529411764705882
4,5,pop,ghosts,0.09523809523809523
4,5,dance,original,0.8
4,5,dance,instrumental,0
4,5,dance,mix,0.25
4,5,dance,stuff,0.3076923076923077
4,5,dance,n,0.2857142857142857
4,5,dance,ghosts,0.1111111111111111
4,5,dance,stuff,0.3076923076923077
4,5,dance,n,0.2857142857142857
4,5,dance,ghosts,0.1111111111111111
4,5,anthems,original,0.13333333333333333
4,5,anthems,instrumental,0
4,5,anthems,mix,0.125
4,5,anthems,stuff,0.2857142857142857
4,5,anthems,n,0.26666666666666666
4,5,anthems,ghosts,0.2222222222222222
4,5,anthems,stuff,0.2857142857142857
4,5,anthems,n,0.26666666666666666
4,5,anthems,ghosts,0.2222222222222222
4,5,get,original,0.1
4,5,get,instrumental,0
4,5,get,mix,0.09523809523809523
4,5,get,stuff,0.21052631578947367
4,5,get,n,0.2
4,5,get,ghosts,0.2608695652173913
4,5,get,stuff,0.21052631578947367
4,5,get,n,0.2
4,5,get,ghosts,0.2608695652173913
4,6,love,gone,0
4,6,love,crazy,0.13333333333333333
4,6,love,dad,0.1111111111111111
4,6,love,show,0.25
4,6,jump,gone,0
4,6,jump,crazy,0.125
4,6,jump,dad,0.10526315789473684
4,6,jump,show,0.47058823529411764
4,6,party,gone,0
4,6,party,crazy,0.14285714285714285
4,6,party,dad,0.11764705882352941
4,6,party,show,0.26666666666666666
4,6,started,gone,0.5
4,6,started,crazy,0.16666666666666666
4,6,started,dad,0.13333333333333333
4,6,started,show,0.16666666666666666
4,6,essential,gone,0
4,6,essential,crazy,0.3333333333333333
4,6,essential,dad,0.26666666666666666
4,6,essential,show,0.15384615384615385
4,6,pop,gone,0
4,6,pop,crazy,0.48
4,6,pop,dad,1.0
4,6,pop,show,0.1
4,6,dance,gone,0
4,6,dance,crazy,0.42105263157894735
4,6,dance,dad,0.36363636363636365
4,6,dance,show,0.11764705882352941
4,6,anthems,gone,0
4,6,anthems,crazy,0.125
4,6,anthems,dad,0.10526315789473684
4,6,anthems,show,0.23529411764705882
4,6,get,gone,0
4,6,get,crazy,0.09523809523809523
4,6,get,dad,0.08333333333333333
4,6,get,show,0.45454545454545453
4,7,love,missing,0
4,7,love,love,1.0
4,7,jump,missing,0
4,7,jump,love,0.26666666666666666
4,7,party,missing,0
4,7,party,love,0.3076923076923077
4,7,started,missing,0.5
4,7,started,love,0.2
4,7,essential,missing,0
4,7,essential,love,0.18181818181818182
4,7,pop,missing,0
4,7,pop,love,0.1111111111111111
4,7,dance,missing,0
4,7,dance,love,0.13333333333333333
4,7,anthems,missing,0
4,7,anthems,love,0.26666666666666666
4,7,get,missing,0
4,7,get,love,0.2
4,8,love,nada,0.3333333333333333
4,8,love,ultimate,0.5
4,8,love,hits,0.25
4,8,love,latino,0.14285714285714285
4,8,jump,nada,0.3076923076923077
4,8,jump,ultimate,0.3076923076923077
4,8,jump,hits,0.47058823529411764
4,8,jump,latino,0.13333333333333333
4,8,party,nada,0.36363636363636365
4,8,party,ultimate,0.36363636363636365
4,8,party,hits,0.26666666666666666
4,8,party,latino,0.15384615384615385
4,8,started,nada,0.25
4,8,started,ultimate,0.25
4,8,started,hits,0.16666666666666666
4,8,started,latino,0.18181818181818182
4,8,essential,nada,0.2222222222222222
4,8,essential,ultimate,0.2222222222222222
4,8,essential,hits,0.15384615384615385
4,8,essential,latino,0.36363636363636365
4,8,pop,nada,0.125
4,8,pop,ultimate,0.125
4,8,pop,hits,0.1
4,8,pop,latino,0.5
4,8,dance,nada,0.15384615384615385
4,8,dance,ultimate,0.15384615384615385
4,8,dance,hits,0.11764705882352941
4,8,dance,latino,0.4444444444444444
4,8,anthems,nada,0.3076923076923077
4,8,anthems,ultimate,0.3076923076923077
4,8,anthems,hits,0.23529411764705882
4,8,anthems,latino,0.13333333333333333
4,8,get,nada,0.2222222222222222
4,8,get,ultimate,0.2222222222222222
4,8,get,hits,0.5454545454545454
4,8,get,latino,0.1
4,9,love,real,0.2857142857142857
4,9,love,slim,0
4,9,love,shady,0
4,9,love,curtain,0.13333333333333333
4,9,love,call,0.11764705882352941
4,9,jump,real,0.26666666666666666
4,9,jump,slim,0
4,9,jump,shady,0
4,9,jump,curtain,0.125
4,9,jump,call,0.1111111111111111
4,9,party,real,0.3076923076923077
4,9,party,slim,0
4,9,party,shady,0
4,9,party,curtain,0.14285714285714285
4,9,party,call,0.125
4,9,started,real,0.2
4,9,started,slim,0.3333333333333333
4,9,started,shady,0.5
4,9,started,curtain,0.18181818181818182
4,9,started,call,0.15384615384615385
4,9,essential,real,0.18181818181818182
4,9,essential,slim,0
4,9,essential,shady,0
4,9,essential,curtain,0.3333333333333333
4,9,essential,call,0.2857142857142857
4,9,pop,real,0.1111111111111111
4,9,pop,slim,0
4,9,pop,shady,0
4,9,pop,curtain,0.36363636363636365
4,9,pop,call,0.3333333333333333
4,9,dance,real,0.13333333333333333
4,9,dance,slim,0
4,9,dance,shady,0
4,9,dance,curtain,0.625
4,9,dance,call,0.5555555555555556
4,9,anthems,real,0.26666666666666666
4,9,anthems,slim,0
4,9,anthems,shady,0
4,9,anthems,curtain,0.125
4,9,anthems,call,0.1111111111111111
4,9,get,real,0.2
4,9,get,slim,0
4,9,get,shady,0
4,9,get,curtain,0.09523809523809523
4,9,get,call,0.08695652173913043
4,10,love,real,0.2857142857142857
4,10,love,slim,0
4,10,love,shady,0
4,10,love,marshall,0.13333333333333333
4,10,love,lp,0.10526315789473684
4,10,jump,real,0.26666666666666666
4,10,jump,slim,0
4,10,jump,shady,0
4,10,jump,marshall,0.125
4,10,jump,lp,0.1
4,10,party,real,0.3076923076923077
4,10,party,slim,0
4,10,party,shady,0
4,10,party,marshall,0.14285714285714285
4,10,party,lp,0.1111111111111111
4,10,started,real,0.2
4,10,started,slim,0.3333333333333333
4,10,started,shady,0.5
4,10,started,marshall,0.16666666666666666
4,10,started,lp,0.13333333333333333
4,10,essential,real,0.18181818181818182
4,10,essential,slim,0
4,10,essential,shady,0
4,10,essential,marshall,0.3333333333333333
4,10,essential,lp,0.25
4,10,pop,real,0.1111111111111111
4,10,pop,slim,0
4,10,pop,shady,0
4,10,pop,marshall,0.48
4,10,pop,lp,0.3076923076923077
4,10,dance,real,0.13333333333333333
4,10,dance,slim,0
4,10,dance,shady,0
4,10,dance,marshall,0.42105263157894735
4,10,dance,lp,0.5
4,10,anthems,real,0.26666666666666666
4,10,anthems,slim,0
4,10,anthems,shady,0
4,10,anthems,marshall,0.125
4,10,anthems,lp,0.1
4,10,get,real,0.2
4,10,get,slim,0
4,10,get,shady,0
4,10,get,marshall,0.09523809523809523
4,10,get,lp,0.08
4,11,love,forgive,0
4,11,love,b,0.11764705882352941
4,11,love,love,1.0
4,11,love,r,0.26666666666666666
4,11,jump,forgive,0
4,11,jump,b,0.1111111111111111
4,11,jump,love,0.26666666666666666
4,11,jump,r,0.25
4,11,party,forgive,0
4,11,party,b,0.125
4,11,party,love,0.3076923076923077
4,11,party,r,0.2857142857142857
4,11,started,forgive,0.3333333333333333
4,11,started,b,0.15384615384615385
4,11,started,love,0.2
4,11,started,r,0.18181818181818182
4,11,essential,forgive,0
4,11,essential,b,0.2857142857142857
4,11,essential,love,0.18181818181818182
4,11,essential,r,0.16666666666666666
4,11,pop,forgive,0
4,11,pop,b,0.5
4,11,pop,love,0.1111111111111111
4,11,pop,r,0.10526315789473684
4,11,dance,forgive,0
4,11,dance,b,0.4444444444444444
4,11,dance,love,0.13333333333333333
4,11,dance,r,0.125
4,11,anthems,forgive,0
4,11,anthems,b,0.1111111111111111
4,11,anthems,love,0.26666666666666666
4,11,anthems,r,0.25
4,11,get,forgive,0
4,11,get,b,0.08695652173913043
4,11,get,love,0.2
4,11,get,r,0.19047619047619047
4,12,love,sex,0.15384615384615385
4,12,jump,sex,0.14285714285714285
4,12,party,sex,0.16666666666666666
4,12,started,sex,0.2222222222222222
4,12,essential,sex,0.4
4,12,pop,sex,0.23529411764705882
4,12,dance,sex,0.2857142857142857
4,12,anthems,sex,0.14285714285714285
4,12,get,sex,0.10526315789473684
4,13,love,say,0.5333333333333333
4,13,love,name,0.3076923076923077
4,13,love,writing,0.23529411764705882
4,13,love,wall,0.13333333333333333
4,13,jump,say,0.25
4,13,jump,name,0.2857142857142857
4,13,jump,writing,0.4444444444444444
4,13,jump,wall,0.125
4,13,party,say,0.2857142857142857
4,13,party,name,0.3333333333333333
4,13,party,writing,0.25
4,13,party,wall,0.14285714285714285
4,13,started,say,0.18181818181818182
4,13,started,name,0.2222222222222222
4,13,started,writing,0.15384615384615385
4,13,started,wall,0.18181818181818182
4,13,essential,say,0.16666666666666666
4,13,essential,name,0.2
4,13,essential,writing,0.14285714285714285
4,13,essential,wall,0.3333333333333333
4,13,pop,say,0.10526315789473684
4,13,pop,name,0.11764705882352941
4,13,pop,writing,0.09523809523809523
4,13,pop,wall,0.36363636363636365
4,13,dance,say,0.125
4,13,dance,name,0.14285714285714285
4,13,dance,writing,0.1111111111111111
4,13,dance,wall,0.625
4,13,anthems,say,0.25
4,13,anthems,name,0.2857142857142857
4,13,anthems,writing,0.2222222222222222
4,13,anthems,wall,0.125
4,13,get,say,0.19047619047619047
4,13,get,name,0.21052631578947367
4,13,get,writing,0.43478260869565216
4,13,get,wall,0.09523809523809523
4,14,love,lose,0
4,14,love,curtain,0.13333333333333333
4,14,love,call,0.11764705882352941
4,14,jump,lose,0
4,14,jump,curtain,0.125
4,14,jump,call,0.1111111111111111
4,14,party,lose,0
4,14,party,curtain,0.14285714285714285
4,14,party,call,0.125
4,14,started,lose,0.5
4,14,started,curtain,0.18181818181818182
4,14,started,call,0.15384615384615385
4,14,essential,lose,0
4,14,essential,curtain,0.3333333333333333
4,14,essential,call,0.2857142857142857
4,14,pop,lose,0
4,14,pop,curtain,0.36363636363636365
4,14,pop,call,0.3333333333333333
4,14,dance,lose,0
4,14,dance,curtain,0.625
4,14,dance,call,0.5555555555555556
4,14,anthems,lose,0
4,14,anthems,curtain,0.125
4,14,anthems,call,0.1111111111111111
4,14,get,lose,0
4,14,get,curtain,0.09523809523809523
4,14,get,call,0.08695652173913043
4,15,love,lose,0
4,15,love,curtain,0.13333333333333333
4,15,love,call,0.11764705882352941
4,15,jump,lose,0
4,15,jump,curtain,0.125
4,15,jump,call,0.1111111111111111
4,15,party,lose,0
4,15,party,curtain,0.14285714285714285
4,15,party,call,0.125
4,15,started,lose,0.5
4,15,started,curtain,0.18181818181818182
4,15,started,call,0.15384615384615385
4,15,essential,lose,0
4,15,essential,curtain,0.3333333333333333
4,15,essential,call,0.2857142857142857
4,15,pop,lose,0
4,15,pop,curtain,0.36363636363636365
4,15,pop,call,0.3333333333333333
4,15,dance,lose,0
4,15,dance,curtain,0.625
4,15,dance,call,0.5555555555555556
4,15,anthems,lose,0
4,15,anthems,curtain,0.125
4,15,anthems,call,0.1111111111111111
4,15,get,lose,0
4,15,get,curtain,0.09523809523809523
4,15,get,call,0.08695652173913043
4,16,love,ho,0.26666666666666666
4,16,love,fo,0.1111111111111111
4,16,jump,ho,0.25
4,16,jump,fo,0.10526315789473684
4,16,party,ho,0.2857142857142857
4,16,party,fo,0.11764705882352941
4,16,started,ho,0.2
4,16,started,fo,0.13333333333333333
4,16,essential,ho,0.36363636363636365
4,16,essential,fo,0.26666666666666666
4,16,pop,ho,0.2222222222222222
4,16,pop,fo,0.42857142857142855
4,16,dance,ho,0.26666666666666666
4,16,dance,fo,0.36363636363636365
4,16,anthems,ho,0.25
4,16,anthems,fo,0.10526315789473684
4,16,get,ho,0.19047619047619047
4,16,get,fo,0.08333333333333333
4,17,love,16,0.26666666666666666
4,17,love,candles,0.11764705882352941
4,17,jump,16,0.25
4,17,jump,candles,0.1111111111111111
4,17,party,16,0.2857142857142857
4,17,party,candles,0.125
4,17,started,16,0.18181818181818182
4,17,started,candles,0.15384615384615385
4,17,essential,16,0.16666666666666666
4,17,essential,candles,0.2857142857142857
4,17,pop,16,0.10526315789473684
4,17,pop,candles,0.3333333333333333
4,17,dance,16,0.125
4,17,dance,candles,0.5555555555555556
4,17,anthems,16,0.25
4,17,anthems,candles,0.1111111111111111
4,17,get,16,0.19047619047619047
4,17,get,candles,0.08695652173913043
5,2,streets,somebody,0.5
5,2,streets,love,0.125
5,2,streets,worlds,0.5333333333333333
5,2,lock,somebody,0.47058823529411764
5,2,lock,love,0.11764705882352941
5,2,lock,worlds,0.5
5,3,streets,somebody,0.5
5,3,streets,love,0.125
5,3,lock,somebody,0.47058823529411764
5,3,lock,love,0.11764705882352941
5,5,streets,original,0.625
5,5,streets,instrumental,0
5,5,streets,mix,0.23529411764705882
5,5,streets,stuff,0.2857142857142857
5,5,streets,n,0.26666666666666666
5,5,streets,ghosts,0.10526315789473684
5,5,streets,stuff,0.2857142857142857
5,5,streets,n,0.26666666666666666
5,5,streets,ghosts,0.10526315789473684
5,5,lock,original,0.5882352941176471
5,5,lock,instrumental,0
5,5,lock,mix,0.2222222222222222
5,5,lock,stuff,0.26666666666666666
5,5,lock,n,0.25
5,5,lock,ghosts,0.1
5,5,lock,stuff,0.26666666666666666
5,5,lock,n,0.25
5,5,lock,ghosts,0.1
5,6,streets,gone,0
5,6,streets,crazy,0.4
5,6,streets,dad,0.34782608695652173
5,6,streets,show,0.1111111111111111
5,6,lock,gone,0
5,6,lock,crazy,0.38095238095238093
5,6,lock,dad,0.3333333333333333
5,6,lock,show,0.10526315789473684
5,7,streets,missing,0
5,7,streets,love,0.125
5,7,lock,missing,0
5,7,lock,love,0.11764705882352941
5,8,streets,nada,0.14285714285714285
5,8,streets,ultimate,0.14285714285714285
5,8,streets,hits,0.1111111111111111
5,8,streets,latino,0.42105263157894735
5,8,lock,nada,0.13333333333333333
5,8,lock,ultimate,0.13333333333333333
5,8,lock,hits,0.10526315789473684
5,8,lock,latino,0.4
5,9,streets,real,0.125
5,9,streets,slim,0
5,9,streets,shady,0
5,9,streets,curtain,0.5882352941176471
5,9,streets,call,0.5263157894736842
5,9,lock,real,0.11764705882352941
5,9,lock,slim,0
5,9,lock,shady,0
5,9,lock,curtain,0.6666666666666666
5,9,lock,call,0.6
5,10,streets,real,0.125
5,10,streets,slim,0
5,10,streets,shady,0
5,10,streets,marshall,0.4
5,10,streets,lp,0.47619047619047616
5,10,lock,real,0.11764705882352941
5,10,lock,slim,0
5,10,lock,shady,0
5,10,lock,marshall,0.38095238095238093
5,10,lock,lp,0.6363636363636364
5,11,streets,forgive,0
5,11,streets,b,0.42105263157894735
5,11,streets,love,0.125
5,11,streets,r,0.11764705882352941
5,11,lock,forgive,0
5,11,lock,b,0.4
5,11,lock,love,0.11764705882352941
5,11,lock,r,0.1111111111111111
5,12,streets,sex,0.26666666666666666
5,12,lock,sex,0.25
5,13,streets,say,0.11764705882352941
5,13,streets,name,0.13333333333333333
5,13,streets,writing,0.10526315789473684
5,13,streets,wall,0.5882352941176471
5,13,lock,say,0.1111111111111111
5,13,lock,name,0.125
5,13,lock,writing,0.1
5,13,lock,wall,0.5555555555555556
5,14,streets,lose,0
5,14,streets,curtain,0.5882352941176471
5,14,streets,call,0.5263157894736842
5,14,lock,lose,0
5,14,lock,curtain,0.6666666666666666
5,14,lock,call,0.6
5,15,streets,lose,0
5,15,streets,curtain,0.5882352941176471
5,15,streets,call,0.5263157894736842
5,15,lock,lose,0
5,15,lock,curtain,0.6666666666666666
5,15,lock,call,0.6
5,16,streets,ho,0.25
5,16,streets,fo,0.34782608695652173
5,16,lock,ho,0.23529411764705882
5,16,lock,fo,0.3333333333333333
5,17,streets,16,0.11764705882352941
5,17,streets,candles,0.5263157894736842
5,17,lock,16,0.1111111111111111
5,17,lock,candles,0.7
6,2,love,somebody,0.18181818181818182
6,2,love,love,1.0
6,2,love,worlds,0.15384615384615385
6,2,words,somebody,0.2
6,2,words,love,0.3076923076923077
6,2,words,worlds,0.16666666666666666
6,2,risky,somebody,0
6,2,risky,love,0
6,2,risky,worlds,0
6,2,business,somebody,0.18181818181818182
6,2,business,love,0.2857142857142857
6,2,business,worlds,0.15384615384615385
6,3,love,somebody,0.18181818181818182
6,3,love,love,1.0
6,3,words,somebody,0.2
6,3,words,love,0.3076923076923077
6,3,risky,somebody,0
6,3,risky,love,0
6,3,business,somebody,0.18181818181818182
6,3,business,love,0.2857142857142857
6,5,love,original,0.14285714285714285
6,5,love,instrumental,0
6,5,love,mix,0.13333333333333333
6,5,love,stuff,0.3076923076923077
6,5,love,n,0.2857142857142857
6,5,love,ghosts,0.23529411764705882
6,5,love,stuff,0.3076923076923077
6,5,love,n,0.2857142857142857
6,5,love,ghosts,0.23529411764705882
6,5,words,original,0.15384615384615385
6,5,words,instrumental,0
6,5,words,mix,0.14285714285714285
6,5,words,stuff,0.3333333333333333
6,5,words,n,0.3076923076923077
6,5,words,ghosts,0.25
6,5,words,stuff,0.3333333333333333
6,5,words,n,0.3076923076923077
6,5,words,ghosts,0.25
6,5,risky,original,0
6,5,risky,instrumental,0
6,5,risky,mix,0
6,5,risky,stuff,0
6,5,risky,n,0
6,5,risky,ghosts,0
6,5,risky,stuff,0
6,5,risky,n,0
6,5,risky,ghosts,0
6,5,business,original,0.14285714285714285
6,5,business,instrumental,0
6,5,business,mix,0.13333333333333333
6,5,business,stuff,0.3076923076923077
6,5,business,n,0.2857142857142857
6,5,business,ghosts,0.23529411764705882
6,5,business,stuff,0.3076923076923077
6,5,business,n,0.2857142857142857
6,5,business,ghosts,0.23529411764705882
6,6,love,gone,0
6,6,love,crazy,0.13333333333333333
6,6,love,dad,0.1111111111111111
6,6,love,show,0.25
6,6,words,gone,0
6,6,words,crazy,0.14285714285714285
6,6,words,dad,0.11764705882352941
6,6,words,show,0.26666666666666666
6,6,risky,gone,0
6,6,risky,crazy,0
6,6,risky,dad,0
6,6,risky,show,0
6,6,business,gone,0
6,6,business,crazy,0.13333333333333333
6,6,business,dad,0.1111111111111111
6,6,business,show,0.25
6,7,love,missing,0
6,7,love,love,1.0
6,7,words,missing,0
6,7,words,love,0.3076923076923077
6,7,risky,missing,0
6,7,risky,love,0
6,7,business,missing,0
6,7,business,love,0.2857142857142857
6,8,love,nada,0.3333333333333333
6,8,love,ultimate,0.5
6,8,love,hits,0.25
6,8,love,latino,0.14285714285714285
6,8,words,nada,0.36363636363636365
6,8,words,ultimate,0.36363636363636365
6,8,words,hits,0.26666666666666666
6,8,words,latino,0.15384615384615385
6,8,risky,nada,0
6,8,risky,ultimate,0
6,8,risky,hits,0
6,8,risky,latino,0
6,8,business,nada,0.3333333333333333
6,8,business,ultimate,0.3333333333333333
6,8,business,hits,0.25
6,8,business,latino,0.14285714285714285
6,9,love,real,0.2857142857142857
6,9,love,slim,0
6,9,love,shady,0
6,9,love,curtain,0.13333333333333333
6,9,love,call,0.11764705882352941
6,9,words,real,0.3076923076923077
6,9,words,slim,0
6,9,words,shady,0
6,9,words,curtain,0.14285714285714285
6,9,words,call,0.125
6,9,risky,real,0
6,9,risky,slim,0
6,9,risky,shady,0
6,9,risky,curtain,0
6,9,risky,call,0
6,9,business,real,0.2857142857142857
6,9,business,slim,0
6,9,business,shady,0
6,9,business,curtain,0.13333333333333333
6,9,business,call,0.11764705882352941
6,10,love,real,0.2857142857142857
6,10,love,slim,0
6,10,love,shady,0
6,10,love,marshall,0.13333333333333333
6,10,love,lp,0.10526315789473684
6,10,words,real,0.3076923076923077
6,10,words,slim,0
6,10,words,shady,0
6,10,words,marshall,0.14285714285714285
6,10,words,lp,0.1111111111111111
6,10,risky,real,0
6,10,risky,slim,0
6,10,risky,shady,0
6,10,risky,marshall,0
6,10,risky,lp,0
6,10,business,real,0.2857142857142857
6,10,business,slim,0
6,10,business,shady,0
6,10,business,marshall,0.13333333333333333
6,10,business,lp,0.10526315789473684
6,11,love,forgive,0
6,11,love,b,0.11764705882352941
6,11,love,love,1.0
6,11,love,r,0.26666666666666666
6,11,words,forgive,0
6,11,words,b,0.125
6,11,words,love,0.3076923076923077
6,11,words,r,0.2857142857142857
6,11,risky,forgive,0
6,11,risky,b,0
6,11,risky,love,0
6,11,risky,r,0
6,11,business,forgive,0
6,11,business,b,0.11764705882352941
6,11,business,love,0.2857142857142857
6,11,business,r,0.26666666666666666
6,12,love,sex,0.15384615384615385
6,12,words,sex,0.16666666666666666
6,12,risky,sex,0
6,12,business,sex,0.15384615384615385
6,13,love,say,0.5333333333333333
6,13,love,name,0.3076923076923077
6,13,love,writing,0.23529411764705882
6,13,love,wall,0.13333333333333333
6,13,words,say,0.2857142857142857
6,13,words,name,0.3333333333333333
6,13,words,writing,0.25
6,13,words,wall,0.14285714285714285
6,13,risky,say,0
6,13,risky,name,0
6,13,risky,writing,0
6,13,risky,wall,0
6,13,business,say,0.26666666666666666
6,13,business,name,0.3076923076923077
6,13,business,writing,0.23529411764705882
6,13,business,wall,0.13333333333333333
6,14,love,lose,0
6,14,love,curtain,0.13333333333333333
6,14,love,call,0.11764705882352941
6,14,words,lose,0
6,14,words,curtain,0.14285714285714285
6,14,words,call,0.125
6,14,risky,lose,0
6,14,risky,curtain,0
6,14,risky,call,0
6,14,business,lose,0
6,14,business,curtain,0.13333333333333333
6,14,business,call,0.11764705882352941
6,15,love,lose,0
6,15,love,curtain,0.13333333333333333
6,15,love,call,0.11764705882352941
6,15,words,lose,0
6,15,words,curtain,0.14285714285714285
6,15,words,call,0.125
6,15,risky,lose,0
6,15,risky,curtain,0
6,15,risky,call,0
6,15,business,lose,0
6,15,business,curtain,0.13333333333333333
6,15,business,call,0.11764705882352941
6,16,love,ho,0.26666666666666666
6,16,love,fo,0.1111111111111111
6,16,words,ho,0.2857142857142857
6,16,words,fo,0.11764705882352941
6,16,risky,ho,0
6,16,risky,fo,0
6,16,business,ho,0.26666666666666666
6,16,business,fo,0.1111111111111111
6,17,love,16,0.26666666666666666
6,17,love,candles,0.11764705882352941
6,17,words,16,0.2857142857142857
6,17,words,candles,0.125
6,17,risky,16,0
6,17,risky,candles,0
6,17,business,16,0.26666666666666666
6,17,business,candles,0.11764705882352941
7,2,north,somebody,0.46153846153846156
7,2,north,love,0.14285714285714285
7,2,north,worlds,0.46153846153846156
7,2,dub,somebody,0.14285714285714285
7,2,dub,love,0.23529411764705882
7,2,dub,worlds,0.125
7,2,never,somebody,0
7,2,never,love,0
7,2,never,worlds,0
7,2,ever,somebody,0
7,2,ever,love,0
7,2,ever,worlds,0
7,2,booker,somebody,0.631578947368421
7,2,booker,love,0.125
7,2,booker,worlds,0.4444444444444444
7,2,album,somebody,0.5333333333333333
7,2,album,love,0.13333333333333333
7,2,album,worlds,0.5714285714285714
7,3,north,somebody,0.46153846153846156
7,3,north,love,0.14285714285714285
7,3,dub,somebody,0.14285714285714285
7,3,dub,love,0.23529411764705882
7,3,never,somebody,0
7,3,never,love,0
7,3,ever,somebody,0
7,3,ever,love,0
7,3,booker,somebody,0.631578947368421
7,3,booker,love,0.125
7,3,album,somebody,0.5333333333333333
7,3,album,love,0.13333333333333333
7,5,north,original,0.42857142857142855
7,5,north,instrumental,0
7,5,north,mix,0.26666666666666666
7,5,north,stuff,0.3333333333333333
7,5,north,n,0.3076923076923077
7,5,north,ghosts,0.11764705882352941
7,5,north,stuff,0.3333333333333333
7,5,north,n,0.3076923076923077
7,5,north,ghosts,0.11764705882352941
7,5,dub,original,0.11764705882352941
7,5,dub,instrumental,0
7,5,dub,mix,0.1111111111111111
7,5,dub,stuff,0.25
7,5,dub,n,0.23529411764705882
7,5,dub,ghosts,0.4
7,5,dub,stuff,0.25
7,5,dub,n,0.23529411764705882
7,5,dub,ghosts,0.4
7,5,never,original,0
7,5,never,instrumental,0
7,5,never,mix,0
7,5,never,stuff,0
7,5,never,n,0
7,5,never,ghosts,0
7,5,never,stuff,0
7,5,never,n,0
7,5,never,ghosts,0
7,5,ever,original,0
7,5,ever,instrumental,0
7,5,ever,mix,0
7,5,ever,stuff,0
7,5,ever,n,0
7,5,ever,ghosts,0
7,5,ever,stuff,0
7,5,ever,n,0
7,5,ever,ghosts,0
7,5,booker,original,0.42105263157894735
7,5,booker,instrumental,0
7,5,booker,mix,0.23529411764705882
7,5,booker,stuff,0.2857142857142857
7,5,booker,n,0.26666666666666666
7,5,booker,ghosts,0.10526315789473684
7,5,booker,stuff,0.2857142857142857
7,5,booker,n,0.26666666666666666
7,5,booker,ghosts,0.10526315789473684
7,5,album,original,0.6666666666666666
7,5,album,instrumental,0
7,5,album,mix,0.25
7,5,album,stuff,0.3076923076923077
7,5,album,n,0.2857142857142857
7,5,album,ghosts,0.1111111111111111
7,5,album,stuff,0.3076923076923077
7,5,album,n,0.2857142857142857
7,5,album,ghosts,0.1111111111111111
7,6,north,gone,0
7,6,north,crazy,0.35294117647058826
7,6,north,dad,0.3
7,6,north,show,0.125
7,6,dub,gone,0
7,6,dub,crazy,0.1111111111111111
7,6,dub,dad,0.09523809523809523
7,6,dub,show,0.3157894736842105
7,6,never,gone,0
7,6,never,crazy,0
7,6,never,dad,0
7,6,never,show,0
7,6,ever,gone,0
7,6,ever,crazy,0
7,6,ever,dad,0
7,6,ever,show,0
7,6,booker,gone,0
7,6,booker,crazy,0.5217391304347826
7,6,booker,dad,0.46153846153846156
7,6,booker,show,0.1111111111111111
7,6,album,gone,0
7,6,album,crazy,0.42105263157894735
7,6,album,dad,0.36363636363636365
7,6,album,show,0.11764705882352941
7,7,north,missing,0
7,7,north,love,0.14285714285714285
7,7,dub,missing,0
7,7,dub,love,0.23529411764705882
7,7,never,missing,0
7,7,never,love,0
7,7,ever,missing,0
7,7,ever,love,0
7,7,booker,missing,0
7,7,booker,love,0.125
7,7,album,missing,0
7,7,album,love,0.13333333333333333
7,8,north,nada,0.16666666666666666
7,8,north,ultimate,0.16666666666666666
7,8,north,hits,0.125
7,8,north,latino,0.375
7,8,dub,nada,0.26666666666666666
7,8,dub,ultimate,0.26666666666666666
7,8,dub,hits,0.3157894736842105
7,8,dub,latino,0.11764705882352941
7,8,never,nada,0
7,8,never,ultimate,0
7,8,never,hits,0
7,8,never,latino,0
7,8,ever,nada,0
7,8,ever,ultimate,0
7,8,ever,hits,0
7,8,ever,latino,0
7,8,booker,nada,0.14285714285714285
7,8,booker,ultimate,0.14285714285714285
7,8,booker,hits,0.1111111111111111
7,8,booker,latino,0.5454545454545454
7,8,album,nada,0.15384615384615385
7,8,album,ultimate,0.15384615384615385
7,8,album,hits,0.11764705882352941
7,8,album,latino,0.4444444444444444
7,9,north,real,0.14285714285714285
7,9,north,slim,0
7,9,north,shady,0
7,9,north,curtain,0.4
7,9,north,call,0.35294117647058826
7,9,dub,real,0.23529411764705882
7,9,dub,slim,0
7,9,dub,shady,0
7,9,dub,curtain,0.1111111111111111
7,9,dub,call,0.1
7,9,never,real,0
7,9,never,slim,0
7,9,never,shady,0
7,9,never,curtain,0
7,9,never,call,0
7,9,ever,real,0
7,9,ever,slim,0
7,9,ever,shady,0
7,9,ever,curtain,0
7,9,ever,call,0
7,9,booker,real,0.125
7,9,booker,slim,0
7,9,booker,shady,0
7,9,booker,curtain,0.4
7,9,booker,call,0.36363636363636365
7,9,album,real,0.13333333333333333
7,9,album,slim,0
7,9,album,shady,0
7,9,album,curtain,0.75
7,9,album,call,0.7777777777777778
7,10,north,real,0.14285714285714285
7,10,north,slim,0
7,10,north,shady,0
7,10,north,marshall,0.35294117647058826
7,10,north,lp,0.3157894736842105
7,10,dub,real,0.23529411764705882
7,10,dub,slim,0
7,10,dub,shady,0
7,10,dub,marshall,0.1111111111111111
7,10,dub,lp,0.09090909090909091
7,10,never,real,0
7,10,never,slim,0
7,10,never,shady,0
7,10,never,marshall,0
7,10,never,lp,0
7,10,ever,real,0
7,10,ever,slim,0
7,10,ever,shady,0
7,10,ever,marshall,0
7,10,ever,lp,0
7,10,booker,real,0.125
7,10,booker,slim,0
7,10,booker,shady,0
7,10,booker,marshall,0.5217391304347826
7,10,booker,lp,0.3333333333333333
7,10,album,real,0.13333333333333333
7,10,album,slim,0
7,10,album,shady,0
7,10,album,marshall,0.42105263157894735
7,10,album,lp,0.6
7,11,north,forgive,0
7,11,north,b,0.35294117647058826
7,11,north,love,0.14285714285714285
7,11,north,r,0.13333333333333333
7,11,dub,forgive,0
7,11,dub,b,0.1
7,11,dub,love,0.23529411764705882
7,11,dub,r,0.2222222222222222
7,11,never,forgive,0
7,11,never,b,0
7,11,never,love,0
7,11,never,r,0
7,11,ever,forgive,0
7,11,ever,b,0
7,11,ever,love,0
7,11,ever,r,0
7,11,booker,forgive,0
7,11,booker,b,0.5454545454545454
7,11,booker,love,0.125
7,11,booker,r,0.11764705882352941
7,11,album,forgive,0
7,11,album,b,0.4444444444444444
7,11,album,love,0.13333333333333333
7,11,album,r,0.125
7,12,north,sex,0.3076923076923077
7,12,dub,sex,0.125
7,12,never,sex,0
7,12,ever,sex,0
7,12,booker,sex,0.26666666666666666
7,12,album,sex,0.2857142857142857
7,13,north,say,0.13333333333333333
7,13,north,name,0.15384615384615385
7,13,north,writing,0.11764705882352941
7,13,north,wall,0.4
7,13,dub,say,0.2222222222222222
7,13,dub,name,0.25
7,13,dub,writing,0.3
7,13,dub,wall,0.1111111111111111
7,13,never,say,0
7,13,never,name,0
7,13,never,writing,0
7,13,never,wall,0
7,13,ever,say,0
7,13,ever,name,0
7,13,ever,writing,0
7,13,ever,wall,0
7,13,booker,say,0.11764705882352941
7,13,booker,name,0.13333333333333333
7,13,booker,writing,0.10526315789473684
7,13,booker,wall,0.4
7,13,album,say,0.125
7,13,album,name,0.14285714285714285
7,13,album,writing,0.1111111111111111
7,13,album,wall,0.625
7,14,north,lose,0
7,14,north,curtain,0.4
7,14,north,call,0.35294117647058826
7,14,dub,lose,0
7,14,dub,curtain,0.1111111111111111
7,14,dub,call,0.1
7,14,never,lose,0
7,14,never,curtain,0
7,14,never,call,0
7,14,ever,lose,0
7,14,ever,curtain,0
7,14,ever,call,0
7,14,booker,lose,0
7,14,booker,curtain,0.4
7,14,booker,call,0.36363636363636365
7,14,album,lose,0
7,14,album,curtain,0.75
7,14,album,call,0.7777777777777778
7,15,north,lose,0
7,15,north,curtain,0.4
7,15,north,call,0.35294117647058826
7,15,dub,lose,0
7,15,dub,curtain,0.1111111111111111
7,15,dub,call,0.1
7,15,never,lose,0
7,15,never,curtain,0
7,15,never,call,0
7,15,ever,lose,0
7,15,ever,curtain,0
7,15,ever,call,0
7,15,booker,lose,0
7,15,booker,curtain,0.4
7,15,booker,call,0.36363636363636365
7,15,album,lose,0
7,15,album,curtain,0.75
7,15,album,call,0.7777777777777778
7,16,north,ho,0.2857142857142857
7,16,north,fo,0.3
7,16,dub,ho,0.2222222222222222
7,16,dub,fo,0.09523809523809523
7,16,never,ho,0
7,16,never,fo,0
7,16,ever,ho,0
7,16,ever,fo,0
7,16,booker,ho,0.25
7,16,booker,fo,0.46153846153846156
7,16,album,ho,0.26666666666666666
7,16,album,fo,0.36363636363636365
7,17,north,16,0.13333333333333333
7,17,north,candles,0.35294117647058826
7,17,dub,16,0.2222222222222222
7,17,dub,candles,0.1
7,17,never,16,0
7,17,never,candles,0
7,17,ever,16,0
7,17,ever,candles,0
7,17,booker,16,0.11764705882352941
7,17,booker,candles,0.36363636363636365
7,17,album,16,0.125
7,17,album,candles,0.6666666666666666
8,2,talking,somebody,0.18181818181818182
8,2,talking,love,0.2857142857142857
8,2,talking,worlds,0.15384615384615385
8,2,memories,somebody,0.18181818181818182
8,2,memories,love,0.2857142857142857
8,2,memories,worlds,0.15384615384615385
8,3,talking,somebody,0.18181818181818182
8,3,talking,love,0.2857142857142857
8,3,memories,somebody,0.18181818181818182
8,3,memories,love,0.2857142857142857
8,5,talking,original,0.14285714285714285
8,5,talking,instrumental,0
8,5,talking,mix,0.13333333333333333
8,5,talking,stuff,0.3076923076923077
8,5,talking,n,0.2857142857142857
8,5,talking,ghosts,0.23529411764705882
8,5,talking,stuff,0.3076923076923077
8,5,talking,n,0.2857142857142857
8,5,talking,ghosts,0.23529411764705882
8,5,memories,original,0.14285714285714285
8,5,memories,instrumental,0
8,5,memories,mix,0.13333333333333333
8,5,memories,stuff,0.3076923076923077
8,5,memories,n,0.2857142857142857
8,5,memories,ghosts,0.7058823529411765
8,5,memories,stuff,0.3076923076923077
8,5,memories,n,0.2857142857142857
8,5,memories,ghosts,0.7058823529411765
8,6,talking,gone,0
8,6,talking,crazy,0.13333333333333333
8,6,talking,dad,0.1111111111111111
8,6,talking,show,0.25
8,6,memories,gone,0
8,6,memories,crazy,0.13333333333333333
8,6,memories,dad,0.1111111111111111
8,6,memories,show,0.375
8,7,talking,missing,0
8,7,talking,love,0.2857142857142857
8,7,memories,missing,0
8,7,memories,love,0.2857142857142857
8,8,talking,nada,0.3333333333333333
8,8,talking,ultimate,0.3333333333333333
8,8,talking,hits,0.25
8,8,talking,latino,0.14285714285714285
8,8,memories,nada,0.3333333333333333
8,8,memories,ultimate,0.3333333333333333
8,8,memories,hits,0.375
8,8,memories,latino,0.14285714285714285
8,9,talking,real,0.2857142857142857
8,9,talking,slim,0
8,9,talking,shady,0
8,9,talking,curtain,0.13333333333333333
8,9,talking,call,0.11764705882352941
8,9,memories,real,0.2857142857142857
8,9,memories,slim,0
8,9,memories,shady,0
8,9,memories,curtain,0.13333333333333333
8,9,memories,call,0.11764705882352941
8,10,talking,real,0.2857142857142857
8,10,talking,slim,0
8,10,talking,shady,0
8,10,talking,marshall,0.13333333333333333
8,10,talking,lp,0.10526315789473684
8,10,memories,real,0.2857142857142857
8,10,memories,slim,0
8,10,memories,shady,0
8,10,memories,marshall,0.13333333333333333
8,10,memories,lp,0.10526315789473684
8,11,talking,forgive,0
8,11,talking,b,0.11764705882352941
8,11,talking,love,0.2857142857142857
8,11,talking,r,0.26666666666666666
8,11,memories,forgive,0
8,11,memories,b,0.11764705882352941
8,11,memories,love,0.2857142857142857
8,11,memories,r,0.26666666666666666
8,12,talking,sex,0.15384615384615385
8,12,memories,sex,0.15384615384615385
8,13,talking,say,0.26666666666666666
8,13,talking,name,0.3076923076923077
8,13,talking,writing,0.23529411764705882
8,13,talking,wall,0.13333333333333333
8,13,memories,say,0.26666666666666666
8,13,memories,name,0.3076923076923077
8,13,memories,writing,0.35294117647058826
8,13,memories,wall,0.13333333333333333
8,14,talking,lose,0
8,14,talking,curtain,0.13333333333333333
8,14,talking,call,0.11764705882352941
8,14,memories,lose,0
8,14,memories,curtain,0.13333333333333333
8,14,memories,call,0.11764705882352941
8,15,talking,lose,0
8,15,talking,curtain,0.13333333333333333
8,15,talking,call,0.11764705882352941
8,15,memories,lose,0
8,15,memories,curtain,0.13333333333333333
8,15,memories,call,0.11764705882352941
8,16,talking,ho,0.26666666666666666
8,16,talking,fo,0.1111111111111111
8,16,memories,ho,0.26666666666666666
8,16,memories,fo,0.1111111111111111
8,17,talking,16,0.26666666666666666
8,17,talking,candles,0.11764705882352941
8,17,memories,16,0.26666666666666666
8,17,memories,candles,0.11764705882352941
9,2,cd,somebody,0.36363636363636365
9,2,cd,love,0.26666666666666666
9,2,cd,worlds,0.3076923076923077
9,2,live,somebody,0.2222222222222222
9,2,live,love,0.18181818181818182
9,2,live,worlds,0.2
9,2,album,somebody,0.5333333333333333
9,2,album,love,0.13333333333333333
9,2,album,worlds,0.5714285714285714
9,2,version,somebody,0.16666666666666666
9,2,version,love,0.26666666666666666
9,2,version,worlds,0.14285714285714285
9,2,say,somebody,0.16666666666666666
9,2,say,love,0.5333333333333333
9,2,say,worlds,0.14285714285714285
9,2,love,somebody,0.18181818181818182
9,2,love,love,1.0
9,2,love,worlds,0.15384615384615385
9,2,dance,somebody,0.5333333333333333
9,2,dance,love,0.13333333333333333
9,2,dance,worlds,0.5714285714285714
9,3,cd,somebody,0.36363636363636365
9,3,cd,love,0.26666666666666666
9,3,live,somebody,0.2222222222222222
9,3,live,love,0.18181818181818182
9,3,album,somebody,0.5333333333333333
9,3,album,love,0.13333333333333333
9,3,version,somebody,0.16666666666666666
9,3,version,love,0.26666666666666666
9,3,say,somebody,0.16666666666666666
9,3,say,love,0.5333333333333333
9,3,love,somebody,0.18181818181818182
9,3,love,love,1.0
9,3,dance,somebody,0.5333333333333333
9,3,dance,love,0.13333333333333333
9,5,cd,original,0.2857142857142857
9,5,cd,instrumental,0
9,5,cd,mix,0.4
9,5,cd,stuff,0.5714285714285714
9,5,cd,n,0.8
9,5,cd,ghosts,0.2222222222222222
9,5,cd,stuff,0.5714285714285714
9,5,cd,n,0.8
9,5,cd,ghosts,0.2222222222222222
9,5,live,original,0.18181818181818182
9,5,live,instrumental,0.4
9,5,live,mix,0.16666666666666666
9,5,live,stuff,0.2222222222222222
9,5,live,n,0.2
9,5,live,ghosts,0.14285714285714285
9,5,live,stuff,0.2222222222222222
9,5,live,n,0.2
9,5,live,ghosts,0.14285714285714285
9,5,album,original,0.6666666666666666
9,5,album,instrumental,0
9,5,album,mix,0.25
9,5,album,stuff,0.3076923076923077
9,5,album,n,0.2857142857142857
9,5,album,ghosts,0.1111111111111111
9,5,album,stuff,0.3076923076923077
9,5,album,n,0.2857142857142857
9,5,album,ghosts,0.1111111111111111
9,5,version,original,0.13333333333333333
9,5,version,instrumental,0
9,5,version,mix,0.125
9,5,version,stuff,0.2857142857142857
9,5,version,n,0.26666666666666666
9,5,version,ghosts,0.2222222222222222
9,5,version,stuff,0.2857142857142857
9,5,version,n,0.26666666666666666
9,5,version,ghosts,0.2222222222222222
9,5,say,original,0.13333333333333333
9,5,say,instrumental,0
9,5,say,mix,0.125
9,5,say,stuff,0.2857142857142857
9,5,say,n,0.26666666666666666
9,5,say,ghosts,0.2222222222222222
9,5,say,stuff,0.2857142857142857
9,5,say,n,0.26666666666666666
9,5,say,ghosts,0.2222222222222222
9,5,love,original,0.14285714285714285
9,5,love,instrumental,0
9,5,love,mix,0.13333333333333333
9,5,love,stuff,0.3076923076923077
9,5,love,n,0.2857142857142857
9,5,love,ghosts,0.23529411764705882
9,5,love,stuff,0.3076923076923077
9,5,love,n,0.2857142857142857
9,5,love,ghosts,0.23529411764705882
9,5,dance,original,0.8
9,5,dance,instrumental,0
9,5,dance,mix,0.25
9,5,dance,stuff,0.3076923076923077
9,5,dance,n,0.2857142857142857
9,5,dance,ghosts,0.1111111111111111
9,5,dance,stuff,0.3076923076923077
9,5,dance,n,0.2857142857142857
9,5,dance,ghosts,0.1111111111111111
9,6,cd,gone,0
9,6,cd,crazy,0.26666666666666666
9,6,cd,dad,0.2222222222222222
9,6,cd,show,0.23529411764705882
9,6,live,gone,0.4
9,6,live,crazy,0.15384615384615385
9,6,live,dad,0.125
9,6,live,show,0.15384615384615385
9,6,album,gone,0
9,6,album,crazy,0.42105263157894735
9,6,album,dad,0.36363636363636365
9,6,album,show,0.11764705882352941
9,6,version,gone,0
9,6,version,crazy,0.125
9,6,version,dad,0.10526315789473684
9,6,version,show,0.23529411764705882
9,6,say,gone,0
9,6,say,crazy,0.125
9,6,say,dad,0.10526315789473684
9,6,say,show,0.23529411764705882
9,6,love,gone,0
9,6,love,crazy,0.13333333333333333
9,6,love,dad,0.1111111111111111
9,6,love,show,0.25
9,6,dance,gone,0
9,6,dance,crazy,0.42105263157894735
9,6,dance,dad,0.36363636363636365
9,6,dance,show,0.11764705882352941
9,7,cd,missing,0
9,7,cd,love,0.26666666666666666
9,7,live,missing,0.4
9,7,live,love,0.18181818181818182
9,7,album,missing,0
9,7,album,love,0.13333333333333333
9,7,version,missing,0
9,7,version,love,0.26666666666666666
9,7,say,missing,0
9,7,say,love,0.5333333333333333
9,7,love,missing,0
9,7,love,love,1.0
9,7,dance,missing,0
9,7,dance,love,0.13333333333333333
9,8,cd,nada,0.3076923076923077
9,8,cd,ultimate,0.3076923076923077
9,8,cd,hits,0.23529411764705882
9,8,cd,latino,0.2857142857142857
9,8,live,nada,0.2222222222222222
9,8,live,ultimate,0.2222222222222222
9,8,live,hits,0.15384615384615385
9,8,live,latino,0.16666666666666666
9,8,album,nada,0.15384615384615385
9,8,album,ultimate,0.15384615384615385
9,8,album,hits,0.11764705882352941
9,8,album,latino,0.4444444444444444
9,8,version,nada,0.3076923076923077
9,8,version,ultimate,0.3076923076923077
9,8,version,hits,0.23529411764705882
9,8,version,latino,0.13333333333333333
9,8,say,nada,0.3076923076923077
9,8,say,ultimate,0.46153846153846156
9,8,say,hits,0.23529411764705882
9,8,say,latino,0.13333333333333333
9,8,love,nada,0.3333333333333333
9,8,love,ultimate,0.5
9,8,love,hits,0.25
9,8,love,latino,0.14285714285714285
9,8,dance,nada,0.15384615384615385
9,8,dance,ultimate,0.15384615384615385
9,8,dance,hits,0.11764705882352941
9,8,dance,latino,0.4444444444444444
9,9,cd,real,0.26666666666666666
9,9,cd,slim,0
9,9,cd,shady,0
9,9,cd,curtain,0.26666666666666666
9,9,cd,call,0.23529411764705882
9,9,live,real,0.18181818181818182
9,9,live,slim,0.2857142857142857
9,9,live,shady,0.4
9,9,live,curtain,0.16666666666666666
9,9,live,call,0.14285714285714285
9,9,album,real,0.13333333333333333
9,9,album,slim,0
9,9,album,shady,0
9,9,album,curtain,0.75
9,9,album,call,0.7777777777777778
9,9,version,real,0.26666666666666666
9,9,version,slim,0
9,9,version,shady,0
9,9,version,curtain,0.125
9,9,version,call,0.1111111111111111
9,9,say,real,0.26666666666666666
9,9,say,slim,0
9,9,say,shady,0
9,9,say,curtain,0.125
9,9,say,call,0.1111111111111111
9,9,love,real,0.2857142857142857
9,9,love,slim,0
9,9,love,shady,0
9,9,love,curtain,0.13333333333333333
9,9,love,call,0.11764705882352941
9,9,dance,real,0.13333333333333333
9,9,dance,slim,0
9,9,dance,shady,0
9,9,dance,curtain,0.625
9,9,dance,call,0.5555555555555556
9,10,cd,real,0.26666666666666666
9,10,cd,slim,0
9,10,cd,shady,0
9,10,cd,marshall,0.26666666666666666
9,10,cd,lp,0.21052631578947367
9,10,live,real,0.18181818181818182
9,10,live,slim,0.2857142857142857
9,10,live,shady,0.4
9,10,live,marshall,0.15384615384615385
9,10,live,lp,0.125
9,10,album,real,0.13333333333333333
9,10,album,slim,0
9,10,album,shady,0
9,10,album,marshall,0.42105263157894735
9,10,album,lp,0.6
9,10,version,real,0.26666666666666666
9,10,version,slim,0
9,10,version,shady,0
9,10,version,marshall,0.125
9,10,version,lp,0.1
9,10,say,real,0.26666666666666666
9,10,say,slim,0
9,10,say,shady,0
9,10,say,marshall,0.125
9,10,say,lp,0.1
9,10,love,real,0.2857142857142857
9,10,love,slim,0
9,10,love,shady,0
9,10,love,marshall,0.13333333333333333
9,10,love,lp,0.10526315789473684
9,10,dance,real,0.13333333333333333
9,10,dance,slim,0
9,10,dance,shady,0
9,10,dance,marshall,0.42105263157894735
9,10,dance,lp,0.5
9,11,cd,forgive,0
9,11,cd,b,0.23529411764705882
9,11,cd,love,0.26666666666666666
9,11,cd,r,0.25
9,11,live,forgive,0.2857142857142857
9,11,live,b,0.14285714285714285
9,11,live,love,0.18181818181818182
9,11,live,r,0.16666666666666666
9,11,album,forgive,0
9,11,album,b,0.4444444444444444
9,11,album,love,0.13333333333333333
9,11,album,r,0.125
9,11,version,forgive,0
9,11,version,b,0.1111111111111111
9,11,version,love,0.26666666666666666
9,11,version,r,0.25
9,11,say,forgive,0
9,11,say,b,0.1111111111111111
9,11,say,love,0.5333333333333333
9,11,say,r,0.25
9,11,love,forgive,0
9,11,love,b,0.11764705882352941
9,11,love,love,1.0
9,11,love,r,0.26666666666666666
9,11,dance,forgive,0
9,11,dance,b,0.4444444444444444
9,11,dance,love,0.13333333333333333
9,11,dance,r,0.125
9,12,cd,sex,0.3076923076923077
9,12,live,sex,0.2
9,12,album,sex,0.2857142857142857
9,12,version,sex,0.14285714285714285
9,12,say,sex,0.14285714285714285
9,12,love,sex,0.15384615384615385
9,12,dance,sex,0.2857142857142857
9,13,cd,say,0.25
9,13,cd,name,0.5714285714285714
9,13,cd,writing,0.2222222222222222
9,13,cd,wall,0.26666666666666666
9,13,live,say,0.16666666666666666
9,13,live,name,0.2
9,13,live,writing,0.14285714285714285
9,13,live,wall,0.16666666666666666
9,13,album,say,0.125
9,13,album,name,0.14285714285714285
9,13,album,writing,0.1111111111111111
9,13,album,wall,0.625
9,13,version,say,0.25
9,13,version,name,0.2857142857142857
9,13,version,writing,0.2222222222222222
9,13,version,wall,0.125
9,13,say,say,1.0
9,13,say,name,0.2857142857142857
9,13,say,writing,0.2222222222222222
9,13,say,wall,0.125
9,13,love,say,0.5333333333333333
9,13,love,name,0.3076923076923077
9,13,love,writing,0.23529411764705882
9,13,love,wall,0.13333333333333333
9,13,dance,say,0.125
9,13,dance,name,0.14285714285714285
9,13,dance,writing,0.1111111111111111
9,13,dance,wall,0.625
9,14,cd,lose,0
9,14,cd,curtain,0.26666666666666666
9,14,cd,call,0.23529411764705882
9,14,live,lose,0.4
9,14,live,curtain,0.16666666666666666
9,14,live,call,0.14285714285714285
9,14,album,lose,0
9,14,album,curtain,0.75
9,14,album,call,0.7777777777777778
9,14,version,lose,0
9,14,version,curtain,0.125
9,14,version,call,0.1111111111111111
9,14,say,lose,0
9,14,say,curtain,0.125
9,14,say,call,0.1111111111111111
9,14,love,lose,0
9,14,love,curtain,0.13333333333333333
9,14,love,call,0.11764705882352941
9,14,dance,lose,0
9,14,dance,curtain,0.625
9,14,dance,call,0.5555555555555556
9,15,cd,lose,0
9,15,cd,curtain,0.26666666666666666
9,15,cd,call,0.23529411764705882
9,15,live,lose,0.4
9,15,live,curtain,0.16666666666666666
9,15,live,call,0.14285714285714285
9,15,album,lose,0
9,15,album,curtain,0.75
9,15,album,call,0.7777777777777778
9,15,version,lose,0
9,15,version,curtain,0.125
9,15,version,call,0.1111111111111111
9,15,say,lose,0
9,15,say,curtain,0.125
9,15,say,call,0.1111111111111111
9,15,love,lose,0
9,15,love,curtain,0.13333333333333333
9,15,love,call,0.11764705882352941
9,15,dance,lose,0
9,15,dance,curtain,0.625
9,15,dance,call,0.5555555555555556
9,16,cd,ho,0.875
9,16,cd,fo,0.2222222222222222
9,16,live,ho,0.18181818181818182
9,16,live,fo,0.125
9,16,album,ho,0.26666666666666666
9,16,album,fo,0.36363636363636365
9,16,version,ho,0.25
9,16,version,fo,0.10526315789473684
9,16,say,ho,0.25
9,16,say,fo,0.10526315789473684
9,16,love,ho,0.26666666666666666
9,16,love,fo,0.1111111111111111
9,16,dance,ho,0.26666666666666666
9,16,dance,fo,0.36363636363636365
9,17,cd,16,0.25
9,17,cd,candles,0.23529411764705882
9,17,live,16,0.16666666666666666
9,17,live,candles,0.14285714285714285
9,17,album,16,0.125
9,17,album,candles,0.6666666666666666
9,17,version,16,0.25
9,17,version,candles,0.1111111111111111
9,17,say,16,0.25
9,17,say,candles,0.1111111111111111
9,17,love,16,0.26666666666666666
9,17,love,candles,0.11764705882352941
9,17,dance,16,0.125
9,17,dance,candles,0.5555555555555556
10,2,met,somebody,0.25
10,2,met,love,0.2
10,2,met,worlds,0.2222222222222222
10,2,somewhere,somebody,0.5454545454545454
10,2,somewhere,love,0.16666666666666666
10,2,somewhere,worlds,0.5454545454545454
10,2,sex,somebody,0.4
10,2,sex,love,0.15384615384615385
10,2,sex,worlds,0.3333333333333333
10,2,birds,somebody,0.7058823529411765
10,2,birds,love,0.11764705882352941
10,2,birds,worlds,0.5
10,2,bees,somebody,0.631578947368421
10,2,bees,love,0.10526315789473684
10,2,bees,worlds,0.4444444444444444
10,3,met,somebody,0.25
10,3,met,love,0.2
10,3,somewhere,somebody,0.5454545454545454
10,3,somewhere,love,0.16666666666666666
10,3,sex,somebody,0.4
10,3,sex,love,0.15384615384615385
10,3,birds,somebody,0.7058823529411765
10,3,birds,love,0.11764705882352941
10,3,bees,somebody,0.631578947368421
10,3,bees,love,0.10526315789473684
10,5,met,original,0.2
10,5,met,instrumental,0.5
10,5,met,mix,0.18181818181818182
10,5,met,stuff,0.25
10,5,met,n,0.2222222222222222
10,5,met,ghosts,0.15384615384615385
10,5,met,stuff,0.25
10,5,met,n,0.2222222222222222
10,5,met,ghosts,0.15384615384615385
10,5,somewhere,original,0.5
10,5,somewhere,instrumental,0
10,5,somewhere,mix,0.3076923076923077
10,5,somewhere,stuff,0.4
10,5,somewhere,n,0.36363636363636365
10,5,somewhere,ghosts,0.13333333333333333
10,5,somewhere,stuff,0.4
10,5,somewhere,n,0.36363636363636365
10,5,somewhere,ghosts,0.13333333333333333
10,5,sex,original,0.3076923076923077
10,5,sex,instrumental,0
10,5,sex,mix,0.2857142857142857
10,5,sex,stuff,0.36363636363636365
10,5,sex,n,0.3333333333333333
10,5,sex,ghosts,0.125
10,5,sex,stuff,0.36363636363636365
10,5,sex,n,0.3333333333333333
10,5,sex,ghosts,0.125
10,5,birds,original,0.47058823529411764
10,5,birds,instrumental,0
10,5,birds,mix,0.2222222222222222
10,5,birds,stuff,0.26666666666666666
10,5,birds,n,0.25
10,5,birds,ghosts,0.1
10,5,birds,stuff,0.26666666666666666
10,5,birds,n,0.25
10,5,birds,ghosts,0.1
10,5,bees,original,0.42105263157894735
10,5,bees,instrumental,0
10,5,bees,mix,0.2
10,5,bees,stuff,0.23529411764705882
10,5,bees,n,0.2222222222222222
10,5,bees,ghosts,0.09090909090909091
10,5,bees,stuff,0.23529411764705882
10,5,bees,n,0.2222222222222222
10,5,bees,ghosts,0.09090909090909091
10,6,met,gone,0.5
10,6,met,crazy,0.16666666666666666
10,6,met,dad,0.13333333333333333
10,6,met,show,0.16666666666666666
10,6,somewhere,gone,0
10,6,somewhere,crazy,0.4
10,6,somewhere,dad,0.3333333333333333
10,6,somewhere,show,0.14285714285714285
10,6,sex,gone,0
10,6,sex,crazy,0.2857142857142857
10,6,sex,dad,0.23529411764705882
10,6,sex,show,0.13333333333333333
10,6,birds,gone,0
10,6,birds,crazy,0.5714285714285714
10,6,birds,dad,0.5
10,6,birds,show,0.10526315789473684
10,6,bees,gone,0
10,6,bees,crazy,0.5217391304347826
10,6,bees,dad,0.46153846153846156
10,6,bees,show,0.09523809523809523
10,7,met,missing,0.5
10,7,met,love,0.2
10,7,somewhere,missing,0
10,7,somewhere,love,0.16666666666666666
10,7,sex,missing,0
10,7,sex,love,0.15384615384615385
10,7,birds,missing,0
10,7,birds,love,0.11764705882352941
10,7,bees,missing,0
10,7,bees,love,0.10526315789473684
10,8,met,nada,0.25
10,8,met,ultimate,0.25
10,8,met,hits,0.16666666666666666
10,8,met,latino,0.18181818181818182
10,8,somewhere,nada,0.2
10,8,somewhere,ultimate,0.2
10,8,somewhere,hits,0.14285714285714285
10,8,somewhere,latino,0.42857142857142855
10,8,sex,nada,0.18181818181818182
10,8,sex,ultimate,0.18181818181818182
10,8,sex,hits,0.13333333333333333
10,8,sex,latino,0.3076923076923077
10,8,birds,nada,0.13333333333333333
10,8,birds,ultimate,0.13333333333333333
10,8,birds,hits,0.10526315789473684
10,8,birds,latino,0.6
10,8,bees,nada,0.11764705882352941
10,8,bees,ultimate,0.11764705882352941
10,8,bees,hits,0.09523809523809523
10,8,bees,latino,0.5454545454545454
10,9,met,real,0.2
10,9,met,slim,0.3333333333333333
10,9,met,shady,0.5
10,9,met,curtain,0.18181818181818182
10,9,met,call,0.15384615384615385
10,9,somewhere,real,0.16666666666666666
10,9,somewhere,slim,0
10,9,somewhere,shady,0
10,9,somewhere,curtain,0.46153846153846156
10,9,somewhere,call,0.4
10,9,sex,real,0.15384615384615385
10,9,sex,slim,0
10,9,sex,shady,0
10,9,sex,curtain,0.2857142857142857
10,9,sex,call,0.25
10,9,birds,real,0.11764705882352941
10,9,birds,slim,0
10,9,birds,shady,0
10,9,birds,curtain,0.4444444444444444
10,9,birds,call,0.4
10,9,bees,real,0.10526315789473684
10,9,bees,slim,0
10,9,bees,shady,0
10,9,bees,curtain,0.4
10,9,bees,call,0.36363636363636365
10,10,met,real,0.2
10,10,met,slim,0.3333333333333333
10,10,met,shady,0.5
10,10,met,marshall,0.16666666666666666
10,10,met,lp,0.13333333333333333
10,10,somewhere,real,0.16666666666666666
10,10,somewhere,slim,0
10,10,somewhere,shady,0
10,10,somewhere,marshall,0.4
10,10,somewhere,lp,0.35294117647058826
10,10,sex,real,0.15384615384615385
10,10,sex,slim,0
10,10,sex,shady,0
10,10,sex,marshall,0.2857142857142857
10,10,sex,lp,0.2222222222222222
10,10,birds,real,0.11764705882352941
10,10,birds,slim,0
10,10,birds,shady,0
10,10,birds,marshall,0.5714285714285714
10,10,birds,lp,0.36363636363636365
10,10,bees,real,0.10526315789473684
10,10,bees,slim,0
10,10,bees,shady,0
10,10,bees,marshall,0.5217391304347826
10,10,bees,lp,0.3333333333333333
10,11,met,forgive,0.3333333333333333
10,11,met,b,0.15384615384615385
10,11,met,love,0.2
10,11,met,r,0.18181818181818182
10,11,somewhere,forgive,0
10,11,somewhere,b,0.4
10,11,somewhere,love,0.16666666666666666
10,11,somewhere,r,0.15384615384615385
10,11,sex,forgive,0
10,11,sex,b,0.25
10,11,sex,love,0.15384615384615385
10,11,sex,r,0.14285714285714285
10,11,birds,forgive,0
10,11,birds,b,0.6
10,11,birds,love,0.11764705882352941
10,11,birds,r,0.1111111111111111
10,11,bees,forgive,0
10,11,bees,b,0.5454545454545454
10,11,bees,love,0.10526315789473684
10,11,bees,r,0.1
10,12,met,sex,0.2222222222222222
10,12,somewhere,sex,0.36363636363636365
10,12,sex,sex,1.0
10,12,birds,sex,0.25
10,12,bees,sex,0.2222222222222222
10,13,met,say,0.18181818181818182
10,13,met,name,0.2222222222222222
10,13,met,writing,0.15384615384615385
10,13,met,wall,0.18181818181818182
10,13,somewhere,say,0.15384615384615385
10,13,somewhere,name,0.18181818181818182
10,13,somewhere,writing,0.13333333333333333
10,13,somewhere,wall,0.46153846153846156
10,13,sex,say,0.14285714285714285
10,13,sex,name,0.16666666666666666
10,13,sex,writing,0.125
10,13,sex,wall,0.2857142857142857
10,13,birds,say,0.1111111111111111
10,13,birds,name,0.125
10,13,birds,writing,0.1
10,13,birds,wall,0.4444444444444444
10,13,bees,say,0.1
10,13,bees,name,0.1111111111111111
10,13,bees,writing,0.09090909090909091
10,13,bees,wall,0.4
10,14,met,lose,0.5
10,14,met,curtain,0.18181818181818182
10,14,met,call,0.15384615384615385
10,14,somewhere,lose,0
10,14,somewhere,curtain,0.46153846153846156
10,14,somewhere,call,0.4
10,14,sex,lose,0
10,14,sex,curtain,0.2857142857142857
10,14,sex,call,0.25
10,14,birds,lose,0
10,14,birds,curtain,0.4444444444444444
10,14,birds,call,0.4
10,14,bees,lose,0
10,14,bees,curtain,0.4
10,14,bees,call,0.36363636363636365
10,15,met,lose,0.5
10,15,met,curtain,0.18181818181818182
10,15,met,call,0.15384615384615385
10,15,somewhere,lose,0
10,15,somewhere,curtain,0.46153846153846156
10,15,somewhere,call,0.4
10,15,sex,lose,0
10,15,sex,curtain,0.2857142857142857
10,15,sex,call,0.25
10,15,birds,lose,0
10,15,birds,curtain,0.4444444444444444
10,15,birds,call,0.4
10,15,bees,lose,0
10,15,bees,curtain,0.4
10,15,bees,call,0.36363636363636365
10,16,met,ho,0.2
10,16,met,fo,0.13333333333333333
10,16,somewhere,ho,0.3333333333333333
10,16,somewhere,fo,0.3333333333333333
10,16,sex,ho,0.3076923076923077
10,16,sex,fo,0.23529411764705882
10,16,birds,ho,0.23529411764705882
10,16,birds,fo,0.5
10,16,bees,ho,0.21052631578947367
10,16,bees,fo,0.46153846153846156
10,17,met,16,0.18181818181818182
10,17,met,candles,0.15384615384615385
10,17,somewhere,16,0.15384615384615385
10,17,somewhere,candles,0.4
10,17,sex,16,0.14285714285714285
10,17,sex,candles,0.25
10,17,birds,16,0.1111111111111111
10,17,birds,candles,0.4
10,17,bees,16,0.1
10,17,bees,candles,0.36363636363636365
11,2,route,somebody,0.5
11,2,route,love,0.15384615384615385
11,2,route,worlds,0.5
11,3,route,somebody,0.5
11,3,route,love,0.15384615384615385
11,5,route,original,0.46153846153846156
11,5,route,instrumental,0
11,5,route,mix,0.2857142857142857
11,5,route,stuff,0.36363636363636365
11,5,route,n,0.3333333333333333
11,5,route,ghosts,0.125
11,5,route,stuff,0.36363636363636365
11,5,route,n,0.3333333333333333
11,5,route,ghosts,0.125
11,6,route,gone,0
11,6,route,crazy,0.375
11,6,route,dad,0.3157894736842105
11,6,route,show,0.13333333333333333
11,7,route,missing,0
11,7,route,love,0.15384615384615385
11,8,route,nada,0.18181818181818182
11,8,route,ultimate,0.18181818181818182
11,8,route,hits,0.13333333333333333
11,8,route,latino,0.4
11,9,route,real,0.15384615384615385
11,9,route,slim,0
11,9,route,shady,0
11,9,route,curtain,0.42857142857142855
11,9,route,call,0.375
11,10,route,real,0.15384615384615385
11,10,route,slim,0
11,10,route,shady,0
11,10,route,marshall,0.375
11,10,route,lp,0.3333333333333333
11,11,route,forgive,0
11,11,route,b,0.375
11,11,route,love,0.15384615384615385
11,11,route,r,0.14285714285714285
11,12,route,sex,0.3333333333333333
11,13,route,say,0.14285714285714285
11,13,route,name,0.16666666666666666
11,13,route,writing,0.125
11,13,route,wall,0.42857142857142855
11,14,route,lose,0
11,14,route,curtain,0.42857142857142855
11,14,route,call,0.375
11,15,route,lose,0
11,15,route,curtain,0.42857142857142855
11,15,route,call,0.375
11,16,route,ho,0.3076923076923077
11,16,route,fo,0.3157894736842105
11,17,route,16,0.14285714285714285
11,17,route,candles,0.375
12,2,way,somebody,0.2222222222222222
12,2,way,love,0.5
12,2,way,worlds,0.18181818181818182
12,2,things,somebody,0.2
12,2,things,love,0.3076923076923077
12,2,things,worlds,0.16666666666666666
12,2,go,somebody,0.15384615384615385
12,2,go,love,0.25
12,2,go,worlds,0.13333333333333333
12,2,identification,somebody,0.16666666666666666
12,2,identification,love,0.26666666666666666
12,2,identification,worlds,0.14285714285714285
12,2,parade,somebody,0.2
12,2,parade,love,0.3076923076923077
12,2,parade,worlds,0.16666666666666666
12,3,way,somebody,0.2222222222222222
12,3,way,love,0.5
12,3,things,somebody,0.2
12,3,things,love,0.3076923076923077
12,3,go,somebody,0.15384615384615385
12,3,go,love,0.25
12,3,identification,somebody,0.16666666666666666
12,3,identification,love,0.26666666666666666
12,3,parade,somebody,0.2
12,3,parade,love,0.3076923076923077
12,5,way,original,0.16666666666666666
12,5,way,instrumental,0
12,5,way,mix,0.15384615384615385
12,5,way,stuff,0.36363636363636365
12,5,way,n,0.3333333333333333
12,5,way,ghosts,0.26666666666666666
12,5,way,stuff,0.36363636363636365
12,5,way,n,0.3333333333333333
12,5,way,ghosts,0.26666666666666666
12,5,things,original,0.15384615384615385
12,5,things,instrumental,0
12,5,things,mix,0.14285714285714285
12,5,things,stuff,0.5
12,5,things,n,0.46153846153846156
12,5,things,ghosts,0.25
12,5,things,stuff,0.5
12,5,things,n,0.46153846153846156
12,5,things,ghosts,0.25
12,5,go,original,0.125
12,5,go,instrumental,0
12,5,go,mix,0.11764705882352941
12,5,go,stuff,0.26666666666666666
12,5,go,n,0.25
12,5,go,ghosts,0.21052631578947367
12,5,go,stuff,0.26666666666666666
12,5,go,n,0.25
12,5,go,ghosts,0.21052631578947367
12,5,identification,original,0.13333333333333333
12,5,identification,instrumental,0
12,5,identification,mix,0.125
12,5,identification,stuff,0.2857142857142857
12,5,identification,n,0.26666666666666666
12,5,identification,ghosts,0.3333333333333333
12,5,identification,stuff,0.2857142857142857
12,5,identification,n,0.26666666666666666
12,5,identification,ghosts,0.3333333333333333
12,5,parade,original,0.15384615384615385
12,5,parade,instrumental,0
12,5,parade,mix,0.14285714285714285
12,5,parade,stuff,0.3333333333333333
12,5,parade,n,0.3076923076923077
12,5,parade,ghosts,0.35294117647058826
12,5,parade,stuff,0.3333333333333333
12,5,parade,n,0.3076923076923077
12,5,parade,ghosts,0.35294117647058826
12,6,way,gone,0
12,6,way,crazy,0.15384615384615385
12,6,way,dad,0.125
12,6,way,show,0.2857142857142857
12,6,things,gone,0
12,6,things,crazy,0.14285714285714285
12,6,things,dad,0.11764705882352941
12,6,things,show,0.26666666666666666
12,6,go,gone,0
12,6,go,crazy,0.11764705882352941
12,6,go,dad,0.1
12,6,go,show,0.2222222222222222
12,6,identification,gone,0
12,6,identification,crazy,0.125
12,6,identification,dad,0.10526315789473684
12,6,identification,show,0.5882352941176471
12,6,parade,gone,0
12,6,parade,crazy,0.14285714285714285
12,6,parade,dad,0.11764705882352941
12,6,parade,show,0.5882352941176471
12,7,way,missing,0
12,7,way,love,0.5
12,7,things,missing,0
12,7,things,love,0.3076923076923077
12,7,go,missing,0
12,7,go,love,0.25
12,7,identification,missing,0
12,7,identification,love,0.26666666666666666
12,7,parade,missing,0
12,7,parade,love,0.3076923076923077
12,8,way,nada,0.4
12,8,way,ultimate,0.6
12,8,way,hits,0.2857142857142857
12,8,way,latino,0.16666666666666666
12,8,things,nada,0.36363636363636365
12,8,things,ultimate,0.36363636363636365
12,8,things,hits,0.26666666666666666
12,8,things,latino,0.15384615384615385
12,8,go,nada,0.42857142857142855
12,8,go,ultimate,0.2857142857142857
12,8,go,hits,0.2222222222222222
12,8,go,latino,0.125
12,8,identification,nada,0.3076923076923077
12,8,identification,ultimate,0.3076923076923077
12,8,identification,hits,0.5882352941176471
12,8,identification,latino,0.13333333333333333
12,8,parade,nada,0.36363636363636365
12,8,parade,ultimate,0.36363636363636365
12,8,parade,hits,0.5882352941176471
12,8,parade,latino,0.15384615384615385
12,9,way,real,0.3333333333333333
12,9,way,slim,0
12,9,way,shady,0
12,9,way,curtain,0.15384615384615385
12,9,way,call,0.13333333333333333
12,9,things,real,0.3076923076923077
12,9,things,slim,0
12,9,things,shady,0
12,9,things,curtain,0.14285714285714285
12,9,things,call,0.125
12,9,go,real,0.375
12,9,go,slim,0
12,9,go,shady,0
12,9,go,curtain,0.11764705882352941
12,9,go,call,0.10526315789473684
12,9,identification,real,0.26666666666666666
12,9,identification,slim,0
12,9,identification,shady,0
12,9,identification,curtain,0.125
12,9,identification,call,0.1111111111111111
12,9,parade,real,0.3076923076923077
12,9,parade,slim,0
12,9,parade,shady,0
12,9,parade,curtain,0.14285714285714285
12,9,parade,call,0.125
12,10,way,real,0.3333333333333333
12,10,way,slim,0
12,10,way,shady,0
12,10,way,marshall,0.15384615384615385
12,10,way,lp,0.11764705882352941
12,10,things,real,0.3076923076923077
12,10,things,slim,0
12,10,things,shady,0
12,10,things,marshall,0.14285714285714285
12,10,things,lp,0.1111111111111111
12,10,go,real,0.375
12,10,go,slim,0
12,10,go,shady,0
12,10,go,marshall,0.11764705882352941
12,10,go,lp,0.09523809523809523
12,10,identification,real,0.26666666666666666
12,10,identification,slim,0
12,10,identification,shady,0
12,10,identification,marshall,0.125
12,10,identification,lp,0.1
12,10,parade,real,0.3076923076923077
12,10,parade,slim,0
12,10,parade,shady,0
12,10,parade,marshall,0.14285714285714285
12,10,parade,lp,0.1111111111111111
12,11,way,forgive,0
12,11,way,b,0.13333333333333333
12,11,way,love,0.5
12,11,way,r,0.3076923076923077
12,11,things,forgive,0
12,11,things,b,0.125
12,11,things,love,0.3076923076923077
12,11,things,r,0.2857142857142857
12,11,go,forgive,0
12,11,go,b,0.10526315789473684
12,11,go,love,0.25
12,11,go,r,0.35294117647058826
12,11,identification,forgive,0
12,11,identification,b,0.1111111111111111
12,11,identification,love,0.26666666666666666
12,11,identification,r,0.25
12,11,parade,forgive,0
12,11,parade,b,0.125
12,11,parade,love,0.3076923076923077
12,11,parade,r,0.2857142857142857
12,12,way,sex,0.18181818181818182
12,12,things,sex,0.16666666666666666
12,12,go,sex,0.13333333333333333
12,12,identification,sex,0.14285714285714285
12,12,parade,sex,0.16666666666666666
12,13,way,say,0.46153846153846156
12,13,way,name,0.36363636363636365
12,13,way,writing,0.26666666666666666
12,13,way,wall,0.15384615384615385
12,13,things,say,0.2857142857142857
12,13,things,name,0.5
12,13,things,writing,0.25
12,13,things,wall,0.14285714285714285
12,13,go,say,0.23529411764705882
12,13,go,name,0.26666666666666666
12,13,go,writing,0.21052631578947367
12,13,go,wall,0.11764705882352941
12,13,identification,say,0.25
12,13,identification,name,0.2857142857142857
12,13,identification,writing,0.5555555555555556
12,13,identification,wall,0.125
12,13,parade,say,0.2857142857142857
12,13,parade,name,0.3333333333333333
12,13,parade,writing,0.5555555555555556
12,13,parade,wall,0.14285714285714285
12,14,way,lose,0
12,14,way,curtain,0.15384615384615385
12,14,way,call,0.13333333333333333
12,14,things,lose,0
12,14,things,curtain,0.14285714285714285
12,14,things,call,0.125
12,14,go,lose,0
12,14,go,curtain,0.11764705882352941
12,14,go,call,0.10526315789473684
12,14,identification,lose,0
12,14,identification,curtain,0.125
12,14,identification,call,0.1111111111111111
12,14,parade,lose,0
12,14,parade,curtain,0.14285714285714285
12,14,parade,call,0.125
12,15,way,lose,0
12,15,way,curtain,0.15384615384615385
12,15,way,call,0.13333333333333333
12,15,things,lose,0
12,15,things,curtain,0.14285714285714285
12,15,things,call,0.125
12,15,go,lose,0
12,15,go,curtain,0.11764705882352941
12,15,go,call,0.10526315789473684
12,15,identification,lose,0
12,15,identification,curtain,0.125
12,15,identification,call,0.1111111111111111
12,15,parade,lose,0
12,15,parade,curtain,0.14285714285714285
12,15,parade,call,0.125
12,16,way,ho,0.3076923076923077
12,16,way,fo,0.125
12,16,things,ho,0.42857142857142855
12,16,things,fo,0.11764705882352941
12,16,go,ho,0.23529411764705882
12,16,go,fo,0.1
12,16,identification,ho,0.25
12,16,identification,fo,0.10526315789473684
12,16,parade,ho,0.2857142857142857
12,16,parade,fo,0.11764705882352941
12,17,way,16,0.3076923076923077
12,17,way,candles,0.13333333333333333
12,17,things,16,0.2857142857142857
12,17,things,candles,0.125
12,17,go,16,0.35294117647058826
12,17,go,candles,0.10526315789473684
12,17,identification,16,0.25
12,17,identification,candles,0.1111111111111111
12,17,parade,16,0.2857142857142857
12,17,parade,candles,0.125
13,2,39,somebody,0
13,2,39,love,0
13,2,39,worlds,0
13,2,lives,somebody,0.2
13,2,lives,love,0.6153846153846154
13,2,lives,worlds,0.16666666666666666
13,2,home,somebody,0.4
13,2,home,love,0.125
13,2,home,worlds,0.4
13,2,girl,somebody,0.7058823529411765
13,2,girl,love,0.14285714285714285
13,2,girl,worlds,0.5
13,3,39,somebody,0
13,3,39,love,0
13,3,lives,somebody,0.2
13,3,lives,love,0.6153846153846154
13,3,home,somebody,0.4
13,3,home,love,0.125
13,3,girl,somebody,0.7058823529411765
13,3,girl,love,0.14285714285714285
13,5,39,original,0
13,5,39,instrumental,0
13,5,39,mix,0
13,5,39,stuff,0
13,5,39,n,0
13,5,39,ghosts,0
13,5,39,stuff,0
13,5,39,n,0
13,5,39,ghosts,0
13,5,lives,original,0.15384615384615385
13,5,lives,instrumental,0
13,5,lives,mix,0.14285714285714285
13,5,lives,stuff,0.3333333333333333
13,5,lives,n,0.3076923076923077
13,5,lives,ghosts,0.25
13,5,lives,stuff,0.3333333333333333
13,5,lives,n,0.3076923076923077
13,5,lives,ghosts,0.25
13,5,home,original,0.375
13,5,home,instrumental,0
13,5,home,mix,0.23529411764705882
13,5,home,stuff,0.2857142857142857
13,5,home,n,0.26666666666666666
13,5,home,ghosts,0.10526315789473684
13,5,home,stuff,0.2857142857142857
13,5,home,n,0.26666666666666666
13,5,home,ghosts,0.10526315789473684
13,5,girl,original,0.47058823529411764
13,5,girl,instrumental,0
13,5,girl,mix,0.26666666666666666
13,5,girl,stuff,0.3333333333333333
13,5,girl,n,0.3076923076923077
13,5,girl,ghosts,0.11764705882352941
13,5,girl,stuff,0.3333333333333333
13,5,girl,n,0.3076923076923077
13,5,girl,ghosts,0.11764705882352941
13,6,39,gone,0
13,6,39,crazy,0
13,6,39,dad,0
13,6,39,show,0
13,6,lives,gone,0
13,6,lives,crazy,0.14285714285714285
13,6,lives,dad,0.11764705882352941
13,6,lives,show,0.26666666666666666
13,6,home,gone,0
13,6,home,crazy,0.3157894736842105
13,6,home,dad,0.2727272727272727
13,6,home,show,0.1111111111111111
13,6,girl,gone,0
13,6,girl,crazy,0.5714285714285714
13,6,girl,dad,0.5
13,6,girl,show,0.125
13,7,39,missing,0
13,7,39,love,0
13,7,lives,missing,0
13,7,lives,love,0.6153846153846154
13,7,home,missing,0
13,7,home,love,0.125
13,7,girl,missing,0
13,7,girl,love,0.14285714285714285
13,8,39,nada,0
13,8,39,ultimate,0
13,8,39,hits,0
13,8,39,latino,0
13,8,lives,nada,0.36363636363636365
13,8,lives,ultimate,0.5454545454545454
13,8,lives,hits,0.26666666666666666
13,8,lives,latino,0.15384615384615385
13,8,home,nada,0.14285714285714285
13,8,home,ultimate,0.14285714285714285
13,8,home,hits,0.1111111111111111
13,8,home,latino,0.3333333333333333
13,8,girl,nada,0.16666666666666666
13,8,girl,ultimate,0.16666666666666666
13,8,girl,hits,0.125
13,8,girl,latino,0.6
13,9,39,real,0
13,9,39,slim,0
13,9,39,shady,0
13,9,39,curtain,0
13,9,39,call,0
13,9,lives,real,0.3076923076923077
13,9,lives,slim,0
13,9,lives,shady,0
13,9,lives,curtain,0.14285714285714285
13,9,lives,call,0.125
13,9,home,real,0.125
13,9,home,slim,0
13,9,home,shady,0
13,9,home,curtain,0.35294117647058826
13,9,home,call,0.3157894736842105
13,9,girl,real,0.14285714285714285
13,9,girl,slim,0
13,9,girl,shady,0
13,9,girl,curtain,0.4444444444444444
13,9,girl,call,0.4
13,10,39,real,0
13,10,39,slim,0
13,10,39,shady,0
13,10,39,marshall,0
13,10,39,lp,0
13,10,lives,real,0.3076923076923077
13,10,lives,slim,0
13,10,lives,shady,0
13,10,lives,marshall,0.14285714285714285
13,10,lives,lp,0.1111111111111111
13,10,home,real,0.125
13,10,home,slim,0
13,10,home,shady,0
13,10,home,marshall,0.3157894736842105
13,10,home,lp,0.2857142857142857
13,10,girl,real,0.14285714285714285
13,10,girl,slim,0
13,10,girl,shady,0
13,10,girl,marshall,0.5714285714285714
13,10,girl,lp,0.36363636363636365
13,11,39,forgive,0
13,11,39,b,0
13,11,39,love,0
13,11,39,r,0
13,11,lives,forgive,0
13,11,lives,b,0.125
13,11,lives,love,0.6153846153846154
13,11,lives,r,0.2857142857142857
13,11,home,forgive,0
13,11,home,b,0.3157894736842105
13,11,home,love,0.125
13,11,home,r,0.11764705882352941
13,11,girl,forgive,0
13,11,girl,b,0.6
13,11,girl,love,0.14285714285714285
13,11,girl,r,0.13333333333333333
13,12,39,sex,0
13,12,lives,sex,0.16666666666666666
13,12,home,sex,0.26666666666666666
13,12,girl,sex,0.3076923076923077
13,13,39,say,0
13,13,39,name,0
13,13,39,writing,0
13,13,39,wall,0
13,13,lives,say,0.7142857142857143
13,13,lives,name,0.3333333333333333
13,13,lives,writing,0.25
13,13,lives,wall,0.14285714285714285
13,13,home,say,0.11764705882352941
13,13,home,name,0.13333333333333333
13,13,home,writing,0.10526315789473684
13,13,home,wall,0.35294117647058826
13,13,girl,say,0.13333333333333333
13,13,girl,name,0.15384615384615385
13,13,girl,writing,0.11764705882352941
13,13,girl,wall,0.4444444444444444
13,14,39,lose,0
13,14,39,curtain,0
13,14,39,call,0
13,14,lives,lose,0
13,14,lives,curtain,0.14285714285714285
13,14,lives,call,0.125
13,14,home,lose,0
13,14,home,curtain,0.35294117647058826
13,14,home,call,0.3157894736842105
13,14,girl,lose,0
13,14,girl,curtain,0.4444444444444444
13,14,girl,call,0.4
13,15,39,lose,0
13,15,39,curtain,0
13,15,39,call,0
13,15,lives,lose,0
13,15,lives,curtain,0.14285714285714285
13,15,lives,call,0.125
13,15,home,lose,0
13,15,home,curtain,0.35294117647058826
13,15,home,call,0.3157894736842105
13,15,girl,lose,0
13,15,girl,curtain,0.4444444444444444
13,15,girl,call,0.4
13,16,39,ho,0
13,16,39,fo,0
13,16,lives,ho,0.2857142857142857
13,16,lives,fo,0.11764705882352941
13,16,home,ho,0.25
13,16,home,fo,0.2727272727272727
13,16,girl,ho,0.2857142857142857
13,16,girl,fo,0.5
13,17,39,16,0
13,17,39,candles,0
13,17,lives,16,0.2857142857142857
13,17,lives,candles,0.125
13,17,home,16,0.11764705882352941
13,17,home,candles,0.3157894736842105
13,17,girl,16,0.13333333333333333
13,17,girl,candles,0.4
